datetime,temperature,humidity
2024-05-02 15:23:35.297222143,24.9,94
2024-05-02 15:16:46.889416144,24.9,94
2024-05-02 15:09:58.483985526,24.9,95
2024-05-02 15:03:10.064618709,24.9,95
2024-05-02 14:56:21.639627002,24.9,95
2024-05-02 14:49:33.228931812,24.8,95
2024-05-02 14:42:44.801558010,24.8,95
2024-05-02 14:35:56.386460896,24.8,95
2024-05-02 14:29:07.950124893,24.8,95
2024-05-02 14:22:19.520178813,24.8,95
2024-05-02 14:15:31.109157263,24.8,95
2024-05-02 14:08:42.675407381,24.8,95
2024-05-02 14:01:54.226330327,24.8,95
2024-05-02 13:55:05.776116719,24.7,95
2024-05-02 13:48:17.323266695,24.7,95
2024-05-02 13:41:28.884802667,24.7,95
2024-05-02 13:34:40.444518466,24.7,95
2024-05-02 13:27:52.010803536,24.7,95
2024-05-02 13:21:03.587909776,24.7,95
2024-05-02 13:14:15.177040528,24.7,95
2024-05-02 13:07:26.741828814,24.7,95
2024-05-02 13:00:38.319565303,24.6,95
2024-05-02 12:53:49.893859835,24.6,95
2024-05-02 12:47:01.473975195,24.6,95
2024-05-02 12:40:13.058784401,24.6,95
2024-05-02 12:33:24.641060570,24.6,95
2024-05-02 12:26:36.238185572,24.6,95
2024-05-02 12:19:47.840877676,24.6,95
2024-05-02 12:12:59.429372211,24.6,95
2024-05-02 12:06:11.015225421,24.6,95
2024-05-02 11:59:22.584101990,24.5,95
2024-05-02 11:52:34.165089731,24.5,95
2024-05-02 11:45:45.742174917,24.5,95
2024-05-02 11:38:57.347109345,24.5,95
2024-05-02 11:32:08.915670937,24.5,95
2024-05-02 11:25:20.481858037,24.5,95
2024-05-02 11:18:32.049380911,24.5,95
2024-05-02 11:11:43.636337033,24.5,95
2024-05-02 11:04:55.192679061,24.5,95
2024-05-02 10:58:06.755789625,24.5,95
2024-05-02 10:51:18.317555509,24.5,95
2024-05-02 10:44:29.893300788,24.5,95
2024-05-02 10:37:41.454042419,24.5,95
2024-05-02 10:30:53.013218488,24.5,95
2024-05-02 10:24:04.571112955,24.5,95
2024-05-02 10:17:16.154335149,24.5,95
2024-05-02 10:10:27.712662418,24.5,95
2024-05-02 10:03:39.282413509,24.5,95
2024-05-02 09:56:50.867911738,24.5,95
2024-05-02 09:50:02.423666599,24.5,95
2024-05-02 09:43:13.987340453,24.5,95
2024-05-02 09:36:25.557551733,24.6,95
2024-05-02 09:29:37.116485689,24.6,95
2024-05-02 09:22:48.676006200,24.5,95
2024-05-02 09:16:00.234258421,24.5,95
2024-05-02 09:09:11.800379564,24.5,95
2024-05-02 09:02:23.378103809,24.5,95
2024-05-02 08:55:34.979263248,24.5,95
2024-05-02 08:48:46.556717443,24.5,95
2024-05-02 08:41:58.155821406,24.5,95
2024-05-02 08:35:09.720744244,24.5,95
2024-05-02 08:28:21.304373447,24.6,95
2024-05-02 08:21:32.880657287,24.6,95
2024-05-02 08:14:44.445415550,24.6,95
2024-05-02 08:07:56.000204829,24.6,95
2024-05-02 08:01:07.579965502,24.6,95
2024-05-02 07:54:19.150253431,24.6,95
2024-05-02 07:47:30.720578170,24.6,95
2024-05-02 07:40:42.264697782,24.6,95
2024-05-02 07:33:53.844337479,24.6,95
2024-05-02 07:27:05.406221907,24.6,95
2024-05-02 07:20:16.994751252,24.6,95
2024-05-02 07:13:28.578015265,24.6,95
2024-05-02 07:06:40.170596512,24.6,95
2024-05-02 06:59:51.744524852,24.6,95
2024-05-02 06:53:03.322825487,24.6,95
2024-05-02 06:46:14.917464062,24.6,95
2024-05-02 06:39:26.513376165,24.6,95
2024-05-02 06:32:38.103293734,24.6,95
2024-05-02 06:25:49.694322739,24.6,95
2024-05-02 06:19:01.277120655,24.6,95
2024-05-02 06:12:12.864759485,24.6,95
2024-05-02 06:05:24.456825025,24.6,95
2024-05-02 05:58:36.044512903,24.6,95
2024-05-02 05:51:47.645248746,24.6,95
2024-05-02 05:44:59.264637589,24.6,95
2024-05-02 05:38:10.864622539,24.6,95
2024-05-02 05:31:22.463098839,24.6,95
2024-05-02 05:24:34.055959940,24.6,95
2024-05-02 05:17:45.652410073,24.6,95
2024-05-02 05:10:57.240429825,24.6,95
2024-05-02 05:04:08.813086255,24.6,95
2024-05-02 04:57:20.386853198,24.6,95
2024-05-02 04:50:31.989953538,24.6,95
2024-05-02 04:43:43.585680816,24.6,95
2024-05-02 04:36:55.174411577,24.7,95
2024-05-02 04:30:06.765591017,24.7,95
2024-05-02 04:23:18.351603191,24.7,95
2024-05-02 04:09:41.520861726,24.7,95
2024-05-02 04:02:53.098574768,24.7,95
2024-05-02 03:56:04.668126127,24.7,95
2024-05-02 03:49:16.253829743,24.7,95
2024-05-02 03:42:27.837704076,24.6,95
2024-05-02 03:35:39.428706204,24.6,95
2024-05-02 03:28:51.037954001,24.6,95
2024-05-02 03:22:02.622702422,24.6,95
2024-05-02 03:15:14.214995080,24.6,95
2024-05-02 03:08:25.831685441,24.6,95
2024-05-02 03:01:37.413654603,24.6,95
2024-05-02 02:54:49.024535178,24.6,95
2024-05-02 02:48:00.631051700,24.6,95
2024-05-02 02:41:12.203960541,24.6,95
2024-05-02 02:34:23.784681911,24.6,95
2024-05-02 02:27:35.366570459,24.6,95
2024-05-02 02:20:46.983868385,24.6,95
2024-05-02 02:13:58.564699690,24.6,95
2024-05-02 02:07:10.162787909,24.6,95
2024-05-02 02:00:21.790528664,24.6,95
2024-05-02 01:53:33.471156875,24.6,95
2024-05-02 01:46:45.016477728,24.6,95
2024-05-02 01:39:56.628390783,24.6,95
2024-05-02 01:33:08.223057095,24.6,95
2024-05-02 01:26:19.839180972,24.6,95
2024-05-02 01:19:31.462448211,24.6,95
2024-05-02 01:12:43.083205739,24.6,95
2024-05-02 01:05:54.689508962,24.6,95
2024-05-02 00:59:06.303277789,24.6,95
2024-05-02 00:52:17.930010553,24.7,95
2024-05-02 00:45:29.546802381,24.7,95
2024-05-02 00:38:41.165629724,24.7,95
2024-05-02 00:31:52.778534374,24.7,95
2024-05-02 00:25:04.366829989,24.7,95
2024-05-02 00:18:15.999014115,24.7,95
2024-05-02 00:11:27.638012552,24.7,95
2024-05-02 00:04:39.232447182,24.7,95
2024-05-01 23:57:50.868458036,24.7,95
2024-05-01 23:51:02.499496063,24.7,95
2024-05-01 23:44:14.137261484,24.7,95
2024-05-01 23:37:25.759335761,24.7,95
2024-05-01 23:30:37.388090252,24.7,95
2024-05-01 23:23:49.013662107,24.7,95
2024-05-01 23:17:00.626848157,24.7,95
2024-05-01 23:10:12.256417304,24.7,95
2024-05-01 23:03:23.896376536,24.7,95
2024-05-01 22:56:35.509535259,24.7,95
2024-05-01 22:49:47.125279657,24.7,95
2024-05-01 22:42:58.744320592,24.7,95
2024-05-01 22:36:10.350730453,24.7,95
2024-05-01 22:29:21.957014748,24.7,95
2024-05-01 22:22:33.562766234,24.7,95
2024-05-01 22:15:45.172821518,24.7,95
2024-05-01 22:08:56.771615489,24.7,95
2024-05-01 22:02:08.366671627,24.7,95
2024-05-01 21:55:19.967975458,24.8,95
2024-05-01 21:48:31.538849709,24.8,95
2024-05-01 21:41:43.136538051,24.8,95
2024-05-01 21:34:54.735459953,24.7,95
2024-05-01 21:28:06.345818324,24.7,95
2024-05-01 21:21:17.964594006,24.7,95
2024-05-01 21:14:29.575094660,24.7,95
2024-05-01 21:07:41.201783186,24.7,95
2024-05-01 21:00:52.818486038,24.7,95
2024-05-01 20:54:04.420745649,24.8,95
2024-05-01 20:47:16.013178409,24.8,95
2024-05-01 20:40:27.648246345,24.8,95
2024-05-01 20:33:39.252467776,24.8,95
2024-05-01 20:26:50.855646753,24.8,95
2024-05-01 20:20:02.478805770,24.8,95
2024-05-01 20:13:14.070657403,24.8,95
2024-05-01 20:06:25.684674220,24.8,95
2024-05-01 19:59:37.291925590,24.8,95
2024-05-01 19:52:48.899579296,24.8,95
2024-05-01 19:46:00.516923866,24.8,95
2024-05-01 19:39:12.139667319,24.8,95
2024-05-01 19:32:23.757437071,24.8,95
2024-05-01 19:25:35.357602175,24.8,95
2024-05-01 19:18:46.978333019,24.8,95
2024-05-01 19:11:58.607109284,24.8,95
2024-05-01 19:05:10.218954020,24.8,95
2024-05-01 18:58:21.847142287,24.8,95
2024-05-01 18:51:33.471941273,24.8,95
2024-05-01 18:44:45.096160704,24.8,95
2024-05-01 18:37:56.705615306,24.8,95
2024-05-01 18:31:08.298640552,24.8,95
2024-05-01 18:24:19.899358594,24.8,95
2024-05-01 18:17:31.508039607,24.8,95
2024-05-01 18:10:43.112148322,24.8,95
2024-05-01 18:03:54.732729074,24.8,95
2024-05-01 17:57:06.353070520,24.8,95
2024-05-01 17:50:17.966136124,24.8,95
2024-05-01 17:43:29.604453595,24.8,95
2024-05-01 17:36:41.231540634,24.8,95
2024-05-01 17:29:52.873988136,24.8,95
2024-05-01 17:23:04.490993140,24.8,95
2024-05-01 17:16:16.123296920,24.8,95
2024-05-01 17:09:27.759986654,24.8,95
2024-05-01 17:02:39.368198018,24.7,95
2024-05-01 16:55:50.971031825,24.7,95
2024-05-01 16:49:02.569994255,24.7,95
2024-05-01 16:42:14.350301142,24.7,95
2024-05-01 16:35:25.757077886,24.7,95
2024-05-01 16:28:37.578426814,24.7,95
2024-05-01 16:21:48.916056423,24.7,95
2024-05-01 16:15:00.950081940,24.7,95
2024-05-01 16:08:12.225315208,24.7,95
2024-05-01 16:01:23.657607188,24.7,95
2024-05-01 15:54:35.234862568,24.7,95
2024-05-01 15:47:46.804523855,24.7,95
2024-05-01 15:40:58.395290746,24.7,95
2024-05-01 15:34:10.003060686,24.7,95
2024-05-01 15:27:21.579158475,24.6,95
2024-05-01 15:20:33.181993853,24.6,95
2024-05-01 15:13:44.787045936,24.6,95
2024-05-01 15:06:56.369001860,24.6,95
2024-05-01 15:00:07.960623251,24.6,95
2024-05-01 14:53:19.541193652,24.6,95
2024-05-01 14:46:31.129388112,24.6,95
2024-05-01 14:39:42.717734848,24.6,95
2024-05-01 14:32:54.299619306,24.5,95
2024-05-01 14:26:05.881298361,24.5,95
2024-05-01 14:19:17.436786877,24.5,95
2024-05-01 14:12:29.015732300,24.5,95
2024-05-01 14:05:40.590005002,24.5,95
2024-05-01 13:58:52.172452468,24.5,95
2024-05-01 13:52:03.745538128,24.5,95
2024-05-01 13:45:15.327206516,24.4,95
2024-05-01 13:38:26.920660084,24.4,95
2024-05-01 13:31:38.504339448,24.4,95
2024-05-01 13:24:50.109598776,24.4,95
2024-05-01 13:18:01.672895181,24.4,95
2024-05-01 13:11:13.238768824,24.4,95
2024-05-01 13:04:24.818902692,24.4,95
2024-05-01 12:57:36.416480304,24.4,95
2024-05-01 12:50:47.990440328,24.4,95
2024-05-01 12:43:59.567123831,24.4,95
2024-05-01 12:37:11.154745347,24.4,95
2024-05-01 12:30:22.741618406,24.4,95
2024-05-01 12:23:34.286847178,24.4,95
2024-05-01 12:16:45.876672149,24.3,95
2024-05-01 12:09:57.442457983,24.3,95
2024-05-01 12:03:09.007788733,24.3,95
2024-05-01 11:56:20.567417001,24.3,95
2024-05-01 11:49:32.138356448,24.3,95
2024-05-01 11:42:43.705606887,24.3,95
2024-05-01 11:35:55.274485505,24.2,95
2024-05-01 11:29:06.813071671,24.2,95
2024-05-01 11:22:18.344652158,24.2,95
2024-05-01 11:15:29.903246573,24.2,95
2024-05-01 11:08:41.449277722,24.2,95
2024-05-01 11:01:52.995209285,24.2,95
2024-05-01 10:55:04.546280125,24.2,95
2024-05-01 10:48:16.104977429,24.2,95
2024-05-01 10:41:27.671936630,24.2,95
2024-05-01 10:34:39.248237748,24.2,95
2024-05-01 10:27:50.817666378,24.2,95
2024-05-01 10:21:02.379824854,24.2,95
2024-05-01 10:14:13.918765601,24.2,95
2024-05-01 10:07:25.470747287,24.2,95
2024-05-01 10:00:37.028199921,24.2,95
2024-05-01 09:53:48.567815452,24.2,95
2024-05-01 09:47:00.111194845,24.2,95
2024-05-01 09:40:11.656715847,24.2,95
2024-05-01 09:33:23.211737767,24.2,95
2024-05-01 09:26:34.769963486,24.2,95
2024-05-01 09:19:46.337178976,24.2,95
2024-05-01 09:12:57.882647327,24.2,95
2024-05-01 09:06:09.407962191,24.2,95
2024-05-01 08:59:20.973551900,24.2,95
2024-05-01 08:52:32.533249830,24.2,95
2024-05-01 08:45:44.099124759,24.2,95
2024-05-01 08:38:55.639914801,24.2,95
2024-05-01 08:32:07.181547510,24.2,95
2024-05-01 08:25:18.743588539,24.2,95
2024-05-01 08:18:30.281650832,24.2,95
2024-05-01 08:11:41.839265104,24.2,95
2024-05-01 08:04:53.397882964,24.2,95
2024-05-01 07:58:04.945603672,24.3,95
2024-05-01 07:51:16.512519451,24.3,95
2024-05-01 07:44:28.058634235,24.3,95
2024-05-01 07:37:39.618648877,24.3,95
2024-05-01 07:30:51.148540082,24.3,95
2024-05-01 07:24:02.711009194,24.3,95
2024-05-01 07:17:14.263464398,24.3,95
2024-05-01 07:10:25.810616983,24.3,95
2024-05-01 07:03:37.383821828,24.3,95
2024-05-01 06:56:48.939861587,24.3,95
2024-05-01 06:50:00.506948960,24.3,95
2024-05-01 06:43:12.069737570,24.3,95
2024-05-01 06:36:23.630355139,24.3,94
2024-05-01 06:29:35.178421360,24.3,94
2024-05-01 06:22:46.745340640,24.3,94
2024-05-01 06:15:58.308947779,24.3,94
2024-05-01 06:09:09.876181722,24.3,94
2024-05-01 06:02:21.443407767,24.3,94
2024-05-01 05:55:33.017897151,24.3,94
2024-05-01 05:48:44.579649328,24.3,94
2024-05-01 05:41:56.120033566,24.3,94
2024-05-01 05:35:07.670100469,24.3,94
2024-05-01 05:28:19.226958125,24.2,94
2024-05-01 05:21:30.777767571,24.3,94
2024-05-01 05:14:42.360542873,24.2,93
2024-05-01 05:07:53.923488731,24.2,93
2024-05-01 05:01:05.499171121,24.2,93
2024-05-01 04:54:17.072280444,24.3,93
2024-05-01 04:47:28.644679451,24.3,93
2024-05-01 04:40:40.300955312,24.3,93
2024-05-01 04:33:51.766533735,24.3,93
2024-05-01 04:27:03.345998809,24.3,93
2024-05-01 04:20:14.907649409,24.3,93
2024-05-01 04:13:26.441231770,24.3,93
2024-05-01 04:06:38.005533354,24.2,93
2024-05-01 03:59:49.580623151,24.2,93
2024-05-01 03:53:01.128379467,24.2,93
2024-05-01 03:46:12.712493548,24.2,93
2024-05-01 03:39:24.308596301,24.2,93
2024-05-01 03:32:35.871178136,24.2,93
2024-05-01 03:25:47.439909263,24.2,93
2024-05-01 03:18:58.997611630,24.2,93
2024-05-01 03:12:10.568888278,24.2,93
2024-05-01 03:05:22.141341923,24.2,93
2024-05-01 02:58:33.725802193,24.2,93
2024-05-01 02:51:45.304177674,24.2,93
2024-05-01 02:44:56.892540625,24.2,93
2024-05-01 02:38:08.476770883,24.2,93
2024-05-01 02:31:20.042189287,24.2,93
2024-05-01 02:24:31.631527438,24.2,93
2024-05-01 02:17:43.176860979,24.2,93
2024-05-01 02:10:54.750786649,24.2,93
2024-05-01 02:04:06.396061918,24.2,93
2024-05-01 01:57:17.882575896,24.2,93
2024-05-01 01:50:29.455503994,24.2,93
2024-05-01 01:43:40.999022601,24.2,94
2024-05-01 01:36:52.560012608,24.2,94
2024-05-01 01:30:04.147111112,24.2,94
2024-05-01 01:23:15.714650906,24.2,94
2024-05-01 01:16:27.305779592,24.3,94
2024-05-01 01:09:38.889674596,24.3,94
2024-05-01 01:02:50.481771276,24.3,94
2024-05-01 00:56:02.085179611,24.3,95
2024-05-01 00:49:13.674148993,24.3,95
2024-05-01 00:42:25.237824275,24.3,95
2024-05-01 00:35:36.813965543,24.4,95
2024-05-01 00:28:48.381629030,24.4,95
2024-05-01 00:21:59.965248931,24.4,95
2024-05-01 00:15:11.560638733,24.4,95
2024-05-01 00:08:23.138490150,24.4,95
2024-05-01 00:01:34.736052833,24.4,95
2024-04-30 23:54:46.305493998,24.4,95
2024-04-30 23:47:57.875846415,24.4,95
2024-04-30 23:41:09.439135781,24.4,95
2024-04-30 23:34:21.020822113,24.4,95
2024-04-30 23:27:32.613362672,24.4,95
2024-04-30 23:20:44.164708694,24.4,95
2024-04-30 23:13:55.712853833,24.4,95
2024-04-30 23:07:07.248105014,24.4,95
2024-04-30 23:00:18.806665113,24.4,95
2024-04-30 22:53:30.345084289,24.4,95
2024-04-30 22:46:41.886153967,24.4,95
2024-04-30 22:39:53.434747832,24.4,95
2024-04-30 22:33:04.988945733,24.4,95
2024-04-30 22:26:16.548673525,24.4,95
2024-04-30 22:19:28.115014404,24.4,95
2024-04-30 22:12:39.668375943,24.4,95
2024-04-30 22:05:51.229103143,24.4,94
2024-04-30 21:52:14.340760232,24.4,94
2024-04-30 21:45:25.908654581,24.4,94
2024-04-30 21:38:37.466331628,24.4,95
2024-04-30 21:31:49.047400846,24.4,94
2024-04-30 21:25:00.621388075,24.4,94
2024-04-30 21:18:12.263511488,24.4,94
2024-04-30 21:11:23.789720953,24.5,94
2024-04-30 21:04:35.348699814,24.5,94
2024-04-30 20:57:46.905164787,24.5,95
2024-04-30 20:50:58.464127617,24.5,95
2024-04-30 20:44:10.032314929,24.5,95
2024-04-30 20:37:21.599377358,24.5,95
2024-04-30 20:30:33.155918411,24.5,95
2024-04-30 20:23:44.758491385,24.5,95
2024-04-30 20:16:56.292108293,24.5,95
2024-04-30 20:03:19.405315658,24.5,94
2024-04-30 19:56:30.964009371,24.5,94
2024-04-30 19:49:42.500174313,24.5,94
2024-04-30 19:42:54.035387862,24.5,94
2024-04-30 19:36:05.574679460,24.5,94
2024-04-30 19:29:17.113620718,24.5,93
2024-04-30 19:22:28.643644205,24.5,93
2024-04-30 19:15:40.181002989,24.5,95
2024-04-30 19:08:51.719897707,24.5,95
2024-04-30 19:02:03.242410901,24.5,95
2024-04-30 18:55:14.768947802,24.5,95
2024-04-30 18:48:26.323615802,24.5,95
2024-04-30 18:41:37.829016674,24.5,95
2024-04-30 18:34:49.358890814,24.5,95
2024-04-30 18:28:00.902692228,24.5,95
2024-04-30 18:21:12.418659898,24.5,95
2024-04-30 18:14:23.940467925,24.5,95
2024-04-30 18:07:35.460561249,24.5,95
2024-04-30 18:00:46.983989512,24.5,95
2024-04-30 17:53:58.511740267,24.5,95
2024-04-30 17:47:10.044040998,24.5,95
2024-04-30 17:40:21.566867605,24.5,95
2024-04-30 17:33:33.088629911,24.5,95
2024-04-30 17:26:44.615227431,24.5,95
2024-04-30 17:19:56.132704153,24.5,95
2024-04-30 17:13:07.645466323,24.5,95
2024-04-30 17:06:19.169011893,24.5,95
2024-04-30 16:59:30.688106269,24.5,95
2024-04-30 16:52:42.233865160,24.5,95
2024-04-30 16:45:53.775790494,24.5,95
2024-04-30 16:39:05.317216546,24.5,95
2024-04-30 16:32:16.841885968,24.5,95
2024-04-30 16:25:28.383291605,24.5,95
2024-04-30 16:18:39.930180952,24.5,95
2024-04-30 16:11:51.473256819,24.5,95
2024-04-30 16:05:03.024767095,24.5,95
2024-04-30 15:58:14.580057397,24.5,95
2024-04-30 15:51:26.131527430,24.5,95
2024-04-30 15:44:37.666479230,24.5,95
2024-04-30 15:37:49.210544806,24.4,95
2024-04-30 15:31:00.758457437,24.4,95
2024-04-30 15:24:12.298987337,24.4,95
2024-04-30 15:17:23.842940899,24.4,95
2024-04-30 15:10:35.375902935,24.4,95
2024-04-30 15:03:46.892679857,24.4,95
2024-04-30 14:56:58.417214186,24.4,95
2024-04-30 14:50:09.937500685,24.4,95
2024-04-30 14:43:21.448777417,24.4,95
2024-04-30 14:36:32.947162729,24.3,95
2024-04-30 14:29:44.462144681,24.3,95
2024-04-30 14:22:55.993106605,24.3,95
2024-04-30 14:16:07.510782471,24.2,95
2024-04-30 14:09:19.036271816,24.2,95
2024-04-30 14:02:30.571852340,24.2,95
2024-04-30 13:55:42.117843586,24.2,95
2024-04-30 13:48:53.659456140,24.2,95
2024-04-30 13:42:05.196187406,24.2,95
2024-04-30 13:35:16.735403333,24.2,95
2024-04-30 13:28:28.277075722,24.2,95
2024-04-30 13:14:51.356617266,24.2,95
2024-04-30 13:01:14.450690199,24.1,95
2024-04-30 12:54:25.983578303,24.1,95
2024-04-30 12:47:37.511764851,24.1,95
2024-04-30 12:40:49.051136819,24.1,95
2024-04-30 12:34:00.587755320,24.1,95
2024-04-30 12:27:12.142829757,24.1,95
2024-04-30 12:20:23.699842155,24.1,95
2024-04-30 12:13:35.217904038,24.1,95
2024-04-30 12:06:46.763973486,24.1,95
2024-04-30 11:59:58.295706029,24.1,95
2024-04-30 11:53:09.830699550,24.1,95
2024-04-30 11:46:21.348659176,24.1,95
2024-04-30 11:39:32.870222415,24.1,95
2024-04-30 11:32:44.372961019,24.1,95
2024-04-30 11:25:55.880573105,24.0,95
2024-04-30 11:19:07.387042952,24.0,95
2024-04-30 11:05:30.414554101,24.0,95
2024-04-30 10:58:41.923777659,24.0,95
2024-04-30 10:51:53.427146753,24.0,95
2024-04-30 10:45:04.933303895,24.0,95
2024-04-30 10:38:16.403335066,24.0,95
2024-04-30 10:31:27.891200915,24.0,95
2024-04-30 10:24:39.382860903,24.0,95
2024-04-30 10:17:50.890127419,24.0,95
2024-04-30 10:11:02.392904099,24.0,95
2024-04-30 10:04:13.881424730,24.0,95
2024-04-30 09:57:25.381331599,24.0,95
2024-04-30 09:50:36.894259416,24.0,95
2024-04-30 09:43:48.388864563,24.0,95
2024-04-30 09:36:59.887568818,24.1,95
2024-04-30 09:30:11.403184409,24.0,95
2024-04-30 09:23:22.897043020,24.1,95
2024-04-30 09:16:34.398267592,24.1,95
2024-04-30 09:09:45.895004067,24.1,95
2024-04-30 09:02:57.405847207,24.1,95
2024-04-30 08:56:08.908371809,24.1,95
2024-04-30 08:49:20.411911419,24.1,95
2024-04-30 08:42:31.922181262,24.1,95
2024-04-30 08:35:43.414080970,24.1,95
2024-04-30 08:28:54.918565169,24.1,95
2024-04-30 08:22:06.408979926,24.1,95
2024-04-30 08:15:17.923412253,24.1,95
2024-04-30 08:08:29.419609963,24.1,95
2024-04-30 08:01:40.913409039,24.1,95
2024-04-30 07:54:52.430593492,24.1,95
2024-04-30 07:48:03.946150230,24.1,95
2024-04-30 07:41:15.466894853,24.1,95
2024-04-30 07:34:26.981719562,24.1,95
2024-04-30 07:27:38.511772309,24.1,95
2024-04-30 07:20:50.040039418,24.1,95
2024-04-30 07:14:01.587558471,24.1,95
2024-04-30 07:07:13.127650244,24.1,95
2024-04-30 07:00:24.668639125,24.1,95
2024-04-30 06:53:36.213311073,24.1,95
2024-04-30 06:46:47.750442712,24.1,95
2024-04-30 06:39:59.265577646,24.1,95
2024-04-30 06:33:10.803742989,24.1,95
2024-04-30 06:26:22.351216783,24.1,95
2024-04-30 06:19:33.906790921,24.1,95
2024-04-30 06:12:45.446935863,24.1,95
2024-04-30 06:05:56.994499931,24.1,95
2024-04-30 05:59:08.551606412,24.1,95
2024-04-30 05:52:20.097472256,24.1,95
2024-04-30 05:45:31.640742379,24.1,95
2024-04-30 05:38:43.185170287,24.1,95
2024-04-30 05:31:54.735250554,24.1,95
2024-04-30 05:25:06.266788413,24.1,95
2024-04-30 05:18:17.790219695,24.1,95
2024-04-30 05:11:29.312658668,24.1,95
2024-04-30 05:04:40.837673036,24.1,95
2024-04-30 04:57:52.381113773,24.1,95
2024-04-30 04:51:03.903057966,24.2,95
2024-04-30 04:44:15.424011151,24.2,95
2024-04-30 04:37:26.973214345,24.2,95
2024-04-30 04:30:38.495580384,24.2,95
2024-04-30 04:23:50.028690616,24.2,95
2024-04-30 04:17:01.565766955,24.2,95
2024-04-30 04:10:13.103505313,24.2,95
2024-04-30 04:03:24.633556298,24.2,95
2024-04-30 03:56:36.161520776,24.2,95
2024-04-30 03:49:47.703048188,24.2,95
2024-04-30 03:42:59.232926063,24.2,95
2024-04-30 03:36:10.786876842,24.2,95
2024-04-30 03:29:22.298978622,24.2,95
2024-04-30 03:22:33.834714444,24.2,95
2024-04-30 03:15:45.381802232,24.2,95
2024-04-30 03:08:56.937734364,24.1,95
2024-04-30 03:02:08.489955565,24.1,95
2024-04-30 02:55:20.037796867,24.1,95
2024-04-30 02:48:31.576646227,24.1,95
2024-04-30 02:41:43.116393930,24.1,95
2024-04-30 02:34:54.628474886,24.1,95
2024-04-30 02:28:06.155665691,24.1,95
2024-04-30 02:21:17.673280485,24.1,95
2024-04-30 02:14:29.184624190,24.1,95
2024-04-30 02:07:40.713137331,24.1,95
2024-04-30 02:00:52.226860278,24.1,95
2024-04-30 01:54:03.758234159,24.1,95
2024-04-30 01:47:15.280885641,24.1,95
2024-04-30 01:40:26.801501492,24.1,95
2024-04-30 01:33:38.305980154,24.1,95
2024-04-30 01:26:49.869665600,24.2,95
2024-04-30 01:20:01.369187469,24.1,95
2024-04-30 01:13:12.901890705,24.1,95
2024-04-30 01:06:24.441733176,24.1,95
2024-04-30 00:59:35.955474378,24.2,95
2024-04-30 00:52:47.459439494,24.2,95
2024-04-30 00:45:58.992342082,24.2,95
2024-04-30 00:39:10.514865739,24.2,95
2024-04-30 00:32:22.063429451,24.2,95
2024-04-30 00:25:33.588310018,24.2,95
2024-04-30 00:18:45.114999236,24.2,95
2024-04-30 00:11:56.653580695,24.2,95
2024-04-30 00:05:08.201001773,24.2,95
2024-04-29 23:58:19.738382572,24.2,95
2024-04-29 23:51:31.276066153,24.2,95
2024-04-29 23:44:42.819582342,24.2,95
2024-04-29 23:37:54.436294592,24.2,95
2024-04-29 23:31:05.900421254,24.2,95
2024-04-29 23:24:17.437679899,24.2,95
2024-04-29 23:17:28.985416326,24.2,95
2024-04-29 23:10:40.514622958,24.2,95
2024-04-29 23:03:52.066989196,24.2,95
2024-04-29 22:57:03.575513384,24.2,95
2024-04-29 22:50:15.118426335,24.3,95
2024-04-29 22:43:26.644334982,24.2,95
2024-04-29 22:36:38.191887794,24.3,95
2024-04-29 22:29:49.688504222,24.3,95
2024-04-29 22:23:01.212568629,24.3,95
2024-04-29 22:16:12.722463958,24.3,95
2024-04-29 22:09:24.253802747,24.2,95
2024-04-29 22:02:35.769519945,24.2,95
2024-04-29 21:55:47.282875704,24.3,95
2024-04-29 21:48:58.796447627,24.3,95
2024-04-29 21:42:10.326545050,24.3,95
2024-04-29 21:35:21.844209031,24.3,95
2024-04-29 21:21:44.941653807,24.3,95
2024-04-29 21:14:56.463297071,24.3,95
2024-04-29 21:08:07.990658240,24.3,95
2024-04-29 21:01:19.524031696,24.3,95
2024-04-29 20:54:31.073092714,24.3,95
2024-04-29 20:47:42.619806800,24.2,95
2024-04-29 20:40:54.148934092,24.3,95
2024-04-29 20:34:05.678035526,24.2,95
2024-04-29 20:27:17.191741806,24.2,95
2024-04-29 20:20:28.699967463,24.2,95
2024-04-29 20:13:40.194487106,24.2,95
2024-04-29 20:06:51.694116147,24.3,95
2024-04-29 20:00:03.351715427,24.3,95
2024-04-29 19:53:14.723459324,24.3,95
2024-04-29 19:46:26.242143746,24.4,95
2024-04-29 19:39:37.764558717,24.4,95
2024-04-29 19:32:49.304330580,24.4,95
2024-04-29 19:26:00.827450149,24.4,95
2024-04-29 19:12:23.902306638,24.4,95
2024-04-29 19:05:35.440756562,24.4,95
2024-04-29 18:58:46.982815652,24.3,95
2024-04-29 18:51:58.533655926,24.4,95
2024-04-29 18:45:10.081049869,24.4,95
2024-04-29 18:38:21.619971470,24.4,95
2024-04-29 18:31:33.164107680,24.4,95
2024-04-29 18:24:44.696933484,24.3,95
2024-04-29 18:17:56.219609719,24.3,95
2024-04-29 18:11:07.765532926,24.3,95
2024-04-29 18:04:19.296429730,24.3,95
2024-04-29 17:57:30.850250175,24.2,95
2024-04-29 17:50:42.388831958,24.2,95
2024-04-29 17:43:53.952918211,24.2,95
2024-04-29 17:37:05.502105416,24.2,95
2024-04-29 17:30:17.043842318,24.2,95
2024-04-29 17:23:28.568994559,24.2,95
2024-04-29 17:16:40.104655776,24.2,95
2024-04-29 17:09:51.638564946,24.2,95
2024-04-29 17:03:03.173000564,24.2,95
2024-04-29 16:56:14.707177093,24.1,95
2024-04-29 16:49:26.235642175,24.1,95
2024-04-29 16:42:37.759200814,24.1,95
2024-04-29 16:35:49.287964036,24.1,95
2024-04-29 16:29:00.804026651,24.1,95
2024-04-29 16:22:12.339650686,24.0,95
2024-04-29 16:15:23.869053094,24.0,95
2024-04-29 16:08:35.393911694,24.0,95
2024-04-29 16:01:46.939640585,24.0,95
2024-04-29 15:54:58.474310819,24.0,95
2024-04-29 15:48:10.027692769,24.0,95
2024-04-29 15:41:21.553281386,24.0,95
2024-04-29 15:34:33.091615015,24.0,95
2024-04-29 15:27:44.616382341,23.9,95
2024-04-29 15:20:56.137178835,23.9,95
2024-04-29 15:14:07.664692765,23.9,95
2024-04-29 15:00:30.726501801,23.9,95
2024-04-29 14:53:42.255779183,23.8,95
2024-04-29 14:46:53.768574356,23.8,95
2024-04-29 14:40:05.291896618,23.8,95
2024-04-29 14:33:16.813493234,23.8,95
2024-04-29 14:26:28.345297725,23.8,95
2024-04-29 14:19:39.874644582,23.7,95
2024-04-29 14:12:51.405118061,23.7,95
2024-04-29 14:06:02.931942359,23.7,95
2024-04-29 13:59:14.446364625,23.7,95
2024-04-29 13:52:25.958387231,23.7,95
2024-04-29 13:45:37.476599208,23.7,95
2024-04-29 13:38:48.999149897,23.7,95
2024-04-29 13:32:00.531121675,23.7,95
2024-04-29 13:25:12.043599579,23.7,95
2024-04-29 13:18:23.524480306,23.7,95
2024-04-29 13:11:35.038389211,23.7,95
2024-04-29 13:04:46.535884578,23.7,95
2024-04-29 12:57:58.037380731,23.7,95
2024-04-29 12:51:09.551271996,23.7,95
2024-04-29 12:44:21.055747106,23.7,95
2024-04-29 12:37:32.554305755,23.7,95
2024-04-29 12:30:44.042879675,23.7,95
2024-04-29 12:23:55.533407217,23.7,95
2024-04-29 12:17:07.028607742,23.7,95
2024-04-29 12:10:18.508742223,23.7,95
2024-04-29 12:03:30.007145180,23.7,95
2024-04-29 11:56:41.504075425,23.7,95
2024-04-29 11:49:53.008190990,23.7,95
2024-04-29 11:43:04.540607596,23.7,95
2024-04-29 11:36:16.051658448,23.7,95
2024-04-29 11:29:27.571122778,23.7,95
2024-04-29 11:22:39.074834128,23.7,95
2024-04-29 11:15:50.588118350,23.7,95
2024-04-29 11:09:02.104136251,23.6,95
2024-04-29 11:02:13.613903522,23.6,95
2024-04-29 10:55:25.119151934,23.6,95
2024-04-29 10:48:36.626620241,23.7,95
2024-04-29 10:41:48.141071139,23.7,95
2024-04-29 10:34:59.651885706,23.6,95
2024-04-29 10:28:11.173443223,23.6,95
2024-04-29 10:21:22.689209495,23.6,95
2024-04-29 10:14:34.197580912,23.6,95
2024-04-29 10:07:45.725322236,23.6,95
2024-04-29 10:00:57.241137279,23.6,95
2024-04-29 09:54:08.744386235,23.6,95
2024-04-29 09:47:20.232861575,23.6,95
2024-04-29 09:40:31.741540165,23.6,95
2024-04-29 09:33:43.254372100,23.6,95
2024-04-29 09:26:54.764677421,23.6,95
2024-04-29 09:20:06.295968450,23.6,95
2024-04-29 09:13:17.806296783,23.6,95
2024-04-29 09:06:29.309825008,23.6,95
2024-04-29 08:59:40.819770339,23.6,95
2024-04-29 08:52:52.333872159,23.6,95
2024-04-29 08:46:03.836216008,23.6,95
2024-04-29 08:39:15.315391971,23.6,95
2024-04-29 08:32:26.819159054,23.6,95
2024-04-29 08:25:38.311764369,23.6,95
2024-04-29 08:18:49.823665177,23.6,95
2024-04-29 08:12:01.319056315,23.7,95
2024-04-29 08:05:12.820034630,23.6,95
2024-04-29 07:58:24.321067662,23.6,95
2024-04-29 07:51:35.806133054,23.7,95
2024-04-29 07:44:47.291756752,23.7,95
2024-04-29 07:37:58.791066959,23.6,95
2024-04-29 07:31:10.286970898,23.6,95
2024-04-29 07:24:21.796859837,23.6,95
2024-04-29 07:17:33.336500566,23.7,95
2024-04-29 07:10:44.877442334,23.7,95
2024-04-29 07:03:56.436480266,23.7,95
2024-04-29 06:57:07.978416299,23.7,95
2024-04-29 06:50:19.525636187,23.7,95
2024-04-29 06:43:31.171655507,23.7,95
2024-04-29 06:36:42.610412927,23.7,95
2024-04-29 06:29:54.139545501,23.6,95
2024-04-29 06:23:05.675718467,23.7,95
2024-04-29 06:16:17.193245974,23.7,95
2024-04-29 06:09:28.727258453,23.7,95
2024-04-29 06:02:40.266509410,23.6,95
2024-04-29 05:55:51.789411013,23.7,95
2024-04-29 05:49:03.319847049,23.7,95
2024-04-29 05:42:14.845524755,23.7,95
2024-04-29 05:35:26.375499354,23.6,95
2024-04-29 05:28:37.917714559,23.7,95
2024-04-29 05:21:49.460663166,23.7,95
2024-04-29 05:15:00.996582646,23.7,95
2024-04-29 05:08:12.533711517,23.7,95
2024-04-29 05:01:24.055635822,23.7,95
2024-04-29 04:54:35.589948459,23.7,95
2024-04-29 04:47:47.126878372,23.7,95
2024-04-29 04:40:58.643242388,23.7,95
2024-04-29 04:34:10.185047263,23.7,95
2024-04-29 04:27:21.724620694,23.7,95
2024-04-29 04:20:33.277498639,23.7,95
2024-04-29 04:13:44.818235271,23.7,95
2024-04-29 04:06:56.356597502,23.7,95
2024-04-29 04:00:07.881626407,23.7,95
2024-04-29 03:53:19.421628617,23.7,95
2024-04-29 03:46:30.954074683,23.7,95
2024-04-29 03:39:42.477227660,23.7,95
2024-04-29 03:32:54.013813865,23.7,95
2024-04-29 03:26:05.567209012,23.7,95
2024-04-29 03:19:17.113146030,23.7,95
2024-04-29 03:12:28.661860221,23.7,95
2024-04-29 03:05:40.200831672,23.7,95
2024-04-29 02:58:51.745317846,23.7,95
2024-04-29 02:52:03.253098645,23.7,95
2024-04-29 02:45:14.783938213,23.7,95
2024-04-29 02:38:26.295832158,23.7,95
2024-04-29 02:31:37.815641376,23.7,95
2024-04-29 02:24:49.335116317,23.7,95
2024-04-29 02:18:00.848371503,23.7,95
2024-04-29 02:11:12.366171585,23.7,95
2024-04-29 02:04:23.881074185,23.7,95
2024-04-29 01:57:35.405243659,23.8,95
2024-04-29 01:50:46.889414785,23.8,95
2024-04-29 01:43:58.406419437,23.8,95
2024-04-29 01:37:09.932381338,23.8,95
2024-04-29 01:23:32.947013389,23.8,95
2024-04-29 01:16:44.457174194,23.8,95
2024-04-29 01:09:55.953755483,23.8,95
2024-04-29 01:03:07.438583611,23.8,95
2024-04-29 00:56:18.934822176,23.8,95
2024-04-29 00:49:30.411832120,23.8,95
2024-04-29 00:42:41.893326675,23.8,95
2024-04-29 00:35:53.395983540,23.8,95
2024-04-29 00:29:04.884831648,23.8,95
2024-04-29 00:22:16.381412569,23.8,95
2024-04-29 00:15:27.891866956,23.9,95
2024-04-29 00:08:39.397117823,23.8,95
2024-04-29 00:01:50.922515125,23.8,95
2024-04-28 23:55:02.427288234,23.9,95
2024-04-28 23:48:13.934377805,23.9,95
2024-04-28 23:41:25.451549637,23.9,95
2024-04-28 23:34:37.007054008,23.8,95
2024-04-28 23:27:48.553160877,23.9,95
2024-04-28 23:21:00.084392451,23.9,95
2024-04-28 23:14:11.649041155,23.9,95
2024-04-28 23:07:23.191815901,23.9,95
2024-04-28 23:00:34.728067361,23.9,95
2024-04-28 22:53:46.264109060,23.9,95
2024-04-28 22:46:57.783542785,23.9,95
2024-04-28 22:40:09.294983304,23.9,95
2024-04-28 22:33:20.822706180,23.9,95
2024-04-28 22:26:32.323607977,24.0,95
2024-04-28 22:19:43.855222767,24.0,95
2024-04-28 22:12:55.365751589,24.0,95
2024-04-28 22:06:06.889732191,24.0,95
2024-04-28 21:59:18.387848709,24.0,95
2024-04-28 21:52:29.917337733,24.0,95
2024-04-28 21:45:41.404397898,24.0,95
2024-04-28 21:38:52.921919630,24.1,95
2024-04-28 21:32:04.425751559,24.1,95
2024-04-28 21:25:15.922157341,24.1,95
2024-04-28 21:18:27.434852468,24.1,95
2024-04-28 21:11:38.937103164,24.1,95
2024-04-28 21:04:50.461377517,24.1,95
2024-04-28 20:58:01.975398188,24.1,95
2024-04-28 20:51:13.509548457,24.1,95
2024-04-28 20:44:25.028620230,24.2,95
2024-04-28 20:37:36.549138315,24.2,95
2024-04-28 20:30:48.092206830,24.2,95
2024-04-28 20:23:59.610179521,24.2,95
2024-04-28 20:10:22.642364833,24.2,95
2024-04-28 20:03:34.169624932,24.2,95
2024-04-28 19:56:45.697086820,24.2,95
2024-04-28 19:49:57.206351845,24.2,95
2024-04-28 19:43:08.712289788,24.2,95
2024-04-28 19:36:20.224121366,24.2,95
2024-04-28 19:29:31.707047328,24.2,95
2024-04-28 19:22:43.199057245,24.2,95
2024-04-28 19:15:54.711067181,24.2,95
2024-04-28 19:09:06.214885730,24.2,95
2024-04-28 19:02:17.747351900,24.2,95
2024-04-28 18:55:29.254980814,24.2,95
2024-04-28 18:48:40.781622959,24.2,95
2024-04-28 18:41:52.288897445,24.2,95
2024-04-28 18:35:03.810736954,24.2,95
2024-04-28 18:28:15.314546919,24.2,95
2024-04-28 18:21:26.827870138,24.2,95
2024-04-28 18:14:38.339434743,24.1,95
2024-04-28 18:07:49.832749074,24.1,95
2024-04-28 18:01:01.340734890,24.1,95
2024-04-28 17:54:12.852217125,24.1,95
2024-04-28 17:47:24.365179149,24.1,95
2024-04-28 17:40:35.886129694,24.1,95
2024-04-28 17:33:47.398037530,24.1,95
2024-04-28 17:26:58.893986292,24.1,95
2024-04-28 17:20:10.403759741,24.1,95
2024-04-28 17:13:21.898661802,24.1,95
2024-04-28 17:06:33.407344600,24.1,95
2024-04-28 16:59:44.881308448,24.1,95
2024-04-28 16:52:56.372680189,24.0,95
2024-04-28 16:46:07.897057481,24.0,95
2024-04-28 16:39:19.417492783,24.0,95
2024-04-28 16:32:30.938742014,24.0,95
2024-04-28 16:25:42.443681131,24.0,95
2024-04-28 16:18:53.956017007,24.0,95
2024-04-28 16:12:05.482904758,24.0,95
2024-04-28 16:05:17.000641338,24.0,95
2024-04-28 15:58:28.509217412,24.0,95
2024-04-28 15:51:40.012157824,24.0,95
2024-04-28 15:44:51.504809289,23.9,95
2024-04-28 15:38:02.991924198,23.9,95
2024-04-28 15:31:14.485785112,23.9,95
2024-04-28 15:24:25.998815398,23.9,95
2024-04-28 15:17:37.501877531,23.9,95
2024-04-28 15:10:48.991466736,23.9,95
2024-04-28 15:04:00.502245056,23.9,95
2024-04-28 14:57:11.976891807,23.9,95
2024-04-28 14:50:23.473398031,23.8,95
2024-04-28 14:43:34.979306591,23.8,95
2024-04-28 14:36:46.480304570,23.8,95
2024-04-28 14:29:57.997848466,23.8,95
2024-04-28 14:23:09.508588807,23.8,95
2024-04-28 14:16:21.002469107,23.8,95
2024-04-28 14:09:32.503932717,23.8,95
2024-04-28 14:02:44.005929525,23.8,95
2024-04-28 13:55:55.527135124,23.7,95
2024-04-28 13:49:07.022637138,23.7,95
2024-04-28 13:42:18.527143360,23.7,95
2024-04-28 13:35:30.054154282,23.7,95
2024-04-28 13:28:41.561757789,23.7,95
2024-04-28 13:21:53.085973778,23.7,95
2024-04-28 13:15:04.595331067,23.7,95
2024-04-28 13:08:16.112475294,23.7,95
2024-04-28 13:01:27.619588496,23.7,95
2024-04-28 12:54:39.126749101,23.7,95
2024-04-28 12:47:50.646133365,23.7,95
2024-04-28 12:41:02.151247958,23.7,95
2024-04-28 12:34:13.668140029,23.7,95
2024-04-28 12:27:25.174679289,23.6,95
2024-04-28 12:20:36.716899861,23.6,95
2024-04-28 12:13:48.243700447,23.6,95
2024-04-28 12:06:59.804627601,23.6,95
2024-04-28 12:00:11.305113100,23.6,95
2024-04-28 11:53:22.821999565,23.6,95
2024-04-28 11:46:34.330422604,23.6,95
2024-04-28 11:39:45.874185894,23.6,95
2024-04-28 11:32:57.398953994,23.6,95
2024-04-28 11:26:08.923800089,23.6,95
2024-04-28 11:19:20.435847516,23.6,95
2024-04-28 11:12:31.944183820,23.6,95
2024-04-28 11:05:43.482507255,23.6,95
2024-04-28 10:58:55.009871798,23.6,95
2024-04-28 10:52:06.529676739,23.6,95
2024-04-28 10:45:18.062842329,23.6,95
2024-04-28 10:38:29.589917859,23.6,95
2024-04-28 10:31:41.127167724,23.6,95
2024-04-28 10:24:52.656185395,23.6,95
2024-04-28 10:18:04.183748571,23.6,95
2024-04-28 10:11:15.690654407,23.6,95
2024-04-28 10:04:27.212119068,23.6,95
2024-04-28 09:57:38.718388194,23.6,95
2024-04-28 09:50:50.225497152,23.6,95
2024-04-28 09:44:01.713497155,23.6,95
2024-04-28 09:37:13.213757668,23.6,95
2024-04-28 09:30:24.695809579,23.6,95
2024-04-28 09:23:36.191108008,23.6,95
2024-04-28 09:16:47.679194908,23.6,95
2024-04-28 09:09:59.185016543,23.6,95
2024-04-28 09:03:10.691965619,23.6,95
2024-04-28 08:56:22.192965986,23.6,95
2024-04-28 08:49:33.702978469,23.6,95
2024-04-28 08:42:45.194614141,23.6,95
2024-04-28 08:35:56.673935978,23.6,95
2024-04-28 08:29:08.174444692,23.6,95
2024-04-28 08:22:19.684309895,23.6,95
2024-04-28 08:15:31.191888379,23.7,95
2024-04-28 08:08:42.699922087,23.7,95
2024-04-28 08:01:54.204322156,23.7,95
2024-04-28 07:55:05.705454932,23.7,95
2024-04-28 07:48:17.202656899,23.7,95
2024-04-28 07:41:28.696618632,23.7,95
2024-04-28 07:34:40.197406692,23.7,95
2024-04-28 07:27:51.684257244,23.7,95
2024-04-28 07:21:03.189555325,23.7,95
2024-04-28 07:07:26.202791111,23.7,95
2024-04-28 07:00:37.705340389,23.7,95
2024-04-28 06:53:49.232865101,23.7,95
2024-04-28 06:47:00.757629693,23.7,95
2024-04-28 06:40:12.295047861,23.7,95
2024-04-28 06:33:23.813777554,23.7,95
2024-04-28 06:26:35.330214981,23.7,95
2024-04-28 06:19:46.836396637,23.7,95
2024-04-28 06:12:58.332332643,23.7,95
2024-04-28 06:06:09.844196228,23.7,95
2024-04-28 05:59:21.334588531,23.7,95
2024-04-28 05:52:32.843148157,23.7,95
2024-04-28 05:45:44.335818280,23.7,95
2024-04-28 05:38:55.820308278,23.7,95
2024-04-28 05:32:07.320058351,23.7,95
2024-04-28 05:25:18.819457923,23.7,95
2024-04-28 05:18:30.337816567,23.7,95
2024-04-28 05:04:53.381479374,23.7,95
2024-04-28 04:58:04.890166255,23.7,95
2024-04-28 04:51:16.422860904,23.7,95
2024-04-28 04:44:27.968179631,23.7,95
2024-04-28 04:37:39.504893498,23.7,95
2024-04-28 04:30:51.056234331,23.7,95
2024-04-28 04:24:02.633534204,23.7,95
2024-04-28 04:17:14.179099727,23.7,95
2024-04-28 04:10:25.732558299,23.7,95
2024-04-28 04:03:37.273281170,23.7,95
2024-04-28 03:56:48.788809247,23.7,95
2024-04-28 03:50:00.333040359,23.7,95
2024-04-28 03:43:11.853583118,23.7,95
2024-04-28 03:36:23.372532247,23.7,95
2024-04-28 03:29:34.914038531,23.7,95
2024-04-28 03:22:46.444229570,23.7,95
2024-04-28 03:15:57.977886408,23.6,95
2024-04-28 03:09:09.511719120,23.6,95
2024-04-28 03:02:21.048517607,23.6,95
2024-04-28 02:55:32.578987603,23.6,95
2024-04-28 02:48:44.100837949,23.6,95
2024-04-28 02:41:55.644333833,23.7,95
2024-04-28 02:35:07.168403463,23.6,95
2024-04-28 02:28:18.711377065,23.6,95
2024-04-28 02:14:41.773241489,23.7,95
2024-04-28 02:07:53.303831328,23.7,95
2024-04-28 02:01:04.834870435,23.7,95
2024-04-28 01:54:16.378851658,23.7,95
2024-04-28 01:47:27.938496448,23.7,95
2024-04-28 01:40:39.412965128,23.7,95
2024-04-28 01:33:50.914125936,23.7,95
2024-04-28 01:27:02.429159648,23.7,95
2024-04-28 01:20:13.924828922,23.7,95
2024-04-28 01:13:25.414050261,23.7,95
2024-04-28 01:06:36.896035645,23.7,95
2024-04-28 00:59:48.384482239,23.7,95
2024-04-28 00:52:59.891078400,23.7,95
2024-04-28 00:46:11.401717183,23.7,95
2024-04-28 00:39:22.908506149,23.7,95
2024-04-28 00:32:34.413874099,23.7,95
2024-04-28 00:25:45.920109197,23.7,95
2024-04-28 00:18:57.439621360,23.7,95
2024-04-28 00:12:08.972271542,23.7,95
2024-04-28 00:05:20.509652223,23.7,95
2024-04-27 23:58:32.034490353,23.7,95
2024-04-27 23:51:43.560658584,23.7,95
2024-04-27 23:44:55.074430004,23.7,95
2024-04-27 23:38:06.597367120,23.7,95
2024-04-27 23:31:18.114324246,23.7,95
2024-04-27 23:24:29.639947450,23.7,95
2024-04-27 23:17:41.162072433,23.7,95
2024-04-27 23:10:52.666754624,23.7,95
2024-04-27 23:04:04.187991979,23.7,95
2024-04-27 22:57:15.716650872,23.7,95
2024-04-27 22:50:27.244663358,23.7,95
2024-04-27 22:43:38.785101704,23.7,95
2024-04-27 22:36:50.323051494,23.7,95
2024-04-27 22:30:01.861644552,23.7,95
2024-04-27 22:23:13.401414239,23.8,95
2024-04-27 22:16:24.925398094,23.7,95
2024-04-27 22:09:36.452169736,23.7,95
2024-04-27 22:02:47.976680005,23.8,95
2024-04-27 21:55:59.494135396,23.7,95
2024-04-27 21:49:11.026735639,23.7,95
2024-04-27 21:42:22.558378837,23.7,95
2024-04-27 21:35:34.082315864,23.8,95
2024-04-27 21:28:45.597810888,23.8,95
2024-04-27 21:21:57.124776233,23.8,95
2024-04-27 21:15:08.644432005,23.8,95
2024-04-27 21:08:20.171715161,23.8,95
2024-04-27 21:01:31.696756975,23.8,95
2024-04-27 20:54:43.209240673,23.8,95
2024-04-27 20:47:54.737914484,23.8,95
2024-04-27 20:41:06.261624098,23.8,95
2024-04-27 20:34:17.796271274,23.8,95
2024-04-27 20:27:29.325991995,23.8,95
2024-04-27 20:20:40.870116905,23.8,95
2024-04-27 20:13:52.422435496,23.8,95
2024-04-27 20:07:03.944127013,23.8,95
2024-04-27 20:00:15.482775824,23.8,95
2024-04-27 19:53:27.012842361,23.8,95
2024-04-27 19:46:38.556323888,23.8,95
2024-04-27 19:39:50.113940437,23.8,95
2024-04-27 19:33:01.662211806,23.8,95
2024-04-27 19:26:13.206690002,23.8,95
2024-04-27 19:19:24.735847772,23.8,95
2024-04-27 19:12:36.286700713,23.8,95
2024-04-27 19:05:47.842993921,23.8,95
2024-04-27 18:58:59.391553428,23.8,95
2024-04-27 18:52:10.926451821,23.8,95
2024-04-27 18:45:22.459675027,23.8,95
2024-04-27 18:38:33.998193325,23.8,95
2024-04-27 18:31:45.535352604,23.8,95
2024-04-27 18:24:57.077400058,23.8,95
2024-04-27 18:18:08.627592986,23.8,95
2024-04-27 18:11:20.166765915,23.8,95
2024-04-27 18:04:31.688656085,23.8,95
2024-04-27 17:57:43.188934618,23.8,95
2024-04-27 17:50:54.718432841,23.7,95
2024-04-27 17:44:06.228191031,23.7,95
2024-04-27 17:37:17.765451744,23.7,95
2024-04-27 17:30:29.296157712,23.7,95
2024-04-27 17:23:40.798896859,23.7,95
2024-04-27 17:16:52.331618241,23.7,95
2024-04-27 17:10:03.845157018,23.7,95
2024-04-27 17:03:15.365765120,23.7,95
2024-04-27 16:56:26.894092241,23.7,95
2024-04-27 16:49:38.408582302,23.7,95
2024-04-27 16:42:49.934259946,23.7,95
2024-04-27 16:36:01.462100967,23.7,95
2024-04-27 16:29:12.981879913,23.6,95
2024-04-27 16:22:24.483222111,23.6,95
2024-04-27 16:15:35.995254345,23.6,95
2024-04-27 16:08:47.508909145,23.6,95
2024-04-27 16:01:59.026480809,23.6,95
2024-04-27 15:55:10.554569578,23.6,95
2024-04-27 15:48:22.073861903,23.5,95
2024-04-27 15:41:33.583284634,23.5,95
2024-04-27 15:34:45.092423380,23.5,95
2024-04-27 15:27:56.588719296,23.5,95
2024-04-27 15:21:08.090908502,23.5,95
2024-04-27 15:14:19.594607980,23.5,95
2024-04-27 15:07:31.111881146,23.5,95
2024-04-27 15:00:42.633143026,23.4,95
2024-04-27 14:53:54.141700681,23.4,95
2024-04-27 14:47:05.640200758,23.3,95
2024-04-27 14:40:17.129665478,23.3,95
2024-04-27 14:33:28.643560981,23.3,95
2024-04-27 14:26:40.144642014,23.3,95
2024-04-27 14:19:51.647317924,23.3,95
2024-04-27 14:13:03.166545503,23.3,95
2024-04-27 14:06:14.709637428,23.3,95
2024-04-27 13:59:26.206728669,23.3,95
2024-04-27 13:52:37.697850880,23.3,95
2024-04-27 13:45:49.202300200,23.3,95
2024-04-27 13:39:00.712147731,23.3,95
2024-04-27 13:32:12.227301916,23.3,95
2024-04-27 13:25:23.734265265,23.3,95
2024-04-27 13:18:35.259264066,23.2,95
2024-04-27 13:11:46.755136432,23.2,95
2024-04-27 13:04:58.276248051,23.2,95
2024-04-27 12:58:09.797886749,23.2,95
2024-04-27 12:51:21.299991007,23.2,95
2024-04-27 12:44:32.804900987,23.2,95
2024-04-27 12:37:44.295459096,23.2,95
2024-04-27 12:30:55.803076934,23.2,95
2024-04-27 12:24:07.315706938,23.2,95
2024-04-27 12:17:18.801174297,23.2,95
2024-04-27 12:10:30.318833067,23.2,95
2024-04-27 12:03:41.833601175,23.1,95
2024-04-27 11:56:53.330771434,23.1,95
2024-04-27 11:50:04.827253224,23.1,95
2024-04-27 11:43:16.332807319,23.1,95
2024-04-27 11:36:27.830869319,23.1,95
2024-04-27 11:29:39.330168999,23.1,95
2024-04-27 11:22:50.839928124,23.1,95
2024-04-27 11:16:02.377159891,23.1,95
2024-04-27 11:09:13.882418893,23.1,95
2024-04-27 10:55:36.874588454,23.0,95
2024-04-27 10:48:48.373122654,23.0,95
2024-04-27 10:41:59.886296298,23.0,95
2024-04-27 10:35:11.410307467,23.0,95
2024-04-27 10:28:22.906642760,23.0,95
2024-04-27 10:21:34.399911080,23.0,95
2024-04-27 10:14:45.922102918,23.0,95
2024-04-27 10:07:57.437977035,23.0,95
2024-04-27 10:01:08.946994786,23.0,95
2024-04-27 09:54:20.485733027,23.0,95
2024-04-27 09:47:32.048879399,23.1,95
2024-04-27 09:40:43.528389284,23.1,95
2024-04-27 09:33:55.045494135,23.1,95
2024-04-27 09:27:06.544962752,23.1,95
2024-04-27 09:20:18.052178269,23.1,95
2024-04-27 09:13:29.543966993,23.1,95
2024-04-27 09:06:41.039226286,23.1,95
2024-04-27 08:59:52.552679976,23.1,95
2024-04-27 08:53:04.047578837,23.1,95
2024-04-27 08:46:15.547247077,23.1,95
2024-04-27 08:39:27.040514378,23.1,95
2024-04-27 08:32:38.518811917,23.1,95
2024-04-27 08:25:50.024973068,23.1,95
2024-04-27 08:19:01.553187499,23.1,95
2024-04-27 08:12:13.085095411,23.1,95
2024-04-27 08:05:24.612669124,23.1,95
2024-04-27 07:58:36.136189053,23.1,95
2024-04-27 07:51:47.668043791,23.1,95
2024-04-27 07:44:59.213017954,23.1,95
2024-04-27 07:38:10.743877411,23.1,95
2024-04-27 07:31:22.271857960,23.1,95
2024-04-27 07:24:33.789449252,23.1,95
2024-04-27 07:17:45.315489892,23.1,95
2024-04-27 07:10:56.836217719,23.1,95
2024-04-27 07:04:08.345109594,23.1,95
2024-04-27 06:57:19.852959495,23.1,95
2024-04-27 06:50:31.380669153,23.1,95
2024-04-27 06:43:42.932492204,23.1,95
2024-04-27 06:36:54.350754943,23.1,95
2024-04-27 06:30:05.850639749,23.1,95
2024-04-27 06:23:17.358581048,23.1,95
2024-04-27 06:16:28.847826773,23.1,95
2024-04-27 06:09:40.347572720,23.1,95
2024-04-27 06:02:51.851638191,23.1,95
2024-04-27 05:56:03.381025938,23.1,95
2024-04-27 05:49:14.892792651,23.1,95
2024-04-27 05:42:26.411214474,23.1,95
2024-04-27 05:35:37.930693398,23.1,95
2024-04-27 05:28:49.461207393,23.1,95
2024-04-27 05:22:00.965545831,23.1,95
2024-04-27 05:15:12.486389749,23.1,95
2024-04-27 05:08:23.989416931,23.1,95
2024-04-27 05:01:35.504331555,23.1,95
2024-04-27 04:54:47.000547313,23.2,95
2024-04-27 04:47:58.507046632,23.1,95
2024-04-27 04:41:09.991085201,23.1,95
2024-04-27 04:34:21.488988463,23.1,95
2024-04-27 04:27:33.000936838,23.1,95
2024-04-27 04:20:44.509792984,23.1,95
2024-04-27 04:13:56.013331708,23.1,95
2024-04-27 04:07:07.518147349,23.1,95
2024-04-27 04:00:19.041650760,23.1,95
2024-04-27 03:53:30.564607235,23.1,95
2024-04-27 03:46:42.081123047,23.1,95
2024-04-27 03:39:53.589941172,23.1,95
2024-04-27 03:33:05.099960261,23.1,95
2024-04-27 03:26:16.614374699,23.1,95
2024-04-27 03:19:28.144429945,23.1,95
2024-04-27 03:12:39.665797806,23.1,95
2024-04-27 03:05:51.235349725,23.1,95
2024-04-27 02:59:02.696776823,23.1,95
2024-04-27 02:52:14.220839603,23.1,95
2024-04-27 02:45:25.756919276,23.0,95
2024-04-27 02:38:37.276502685,23.0,95
2024-04-27 02:31:48.798410615,23.0,95
2024-04-27 02:25:00.350729915,23.0,95
2024-04-27 02:18:11.868842111,23.1,95
2024-04-27 02:11:23.403863961,23.1,95
2024-04-27 02:04:34.929175642,23.1,95
2024-04-27 01:57:46.455151383,23.1,95
2024-04-27 01:50:57.975604860,23.1,95
2024-04-27 01:44:09.522767116,23.1,95
2024-04-27 01:37:21.052177182,23.1,95
2024-04-27 01:30:32.581248383,23.1,95
2024-04-27 01:23:44.111428928,23.1,95
2024-04-27 01:16:55.643922507,23.1,95
2024-04-27 01:10:07.165219197,23.1,95
2024-04-27 01:03:18.668602509,23.1,95
2024-04-27 00:56:30.177391338,23.1,95
2024-04-27 00:49:41.707920851,23.1,95
2024-04-27 00:42:53.208092598,23.1,95
2024-04-27 00:36:04.723561947,23.1,95
2024-04-27 00:29:16.213671974,23.1,95
2024-04-27 00:22:27.720407855,23.1,95
2024-04-27 00:15:39.241004506,23.1,95
2024-04-27 00:08:50.739428169,23.1,95
2024-04-27 00:02:02.261606657,23.1,95
2024-04-26 23:55:13.767831452,23.1,95
2024-04-26 23:48:25.278247394,23.1,95
2024-04-26 23:41:36.789151259,23.1,95
2024-04-26 23:34:48.305406805,23.1,95
2024-04-26 23:27:59.830754319,23.1,95
2024-04-26 23:21:11.354982506,23.1,95
2024-04-26 23:14:22.875040762,23.1,95
2024-04-26 23:07:34.406904883,23.1,95
2024-04-26 23:00:45.936327493,23.1,95
2024-04-26 22:53:57.456554696,23.1,95
2024-04-26 22:47:08.986878818,23.2,95
2024-04-26 22:40:20.510796480,23.2,95
2024-04-26 22:33:32.027772814,23.2,95
2024-04-26 22:26:43.531993328,23.2,95
2024-04-26 22:19:55.031872458,23.2,95
2024-04-26 22:13:06.572094099,23.2,95
2024-04-26 22:06:18.094602944,23.2,95
2024-04-26 21:59:29.620138349,23.2,95
2024-04-26 21:52:41.131458734,23.2,95
2024-04-26 21:45:52.616646061,23.2,95
2024-04-26 21:39:04.131495586,23.2,95
2024-04-26 21:32:15.656147777,23.2,95
2024-04-26 21:25:27.190011689,23.2,95
2024-04-26 21:18:38.721997319,23.2,95
2024-04-26 21:11:50.235875783,23.3,95
2024-04-26 21:05:01.776348512,23.3,95
2024-04-26 20:58:13.303328906,23.3,95
2024-04-26 20:51:24.805511774,23.3,95
2024-04-26 20:44:36.320831205,23.3,95
2024-04-26 20:37:47.830888114,23.3,95
2024-04-26 20:30:59.323717862,23.3,95
2024-04-26 20:24:10.808236909,23.3,95
2024-04-26 20:17:22.298792916,23.3,95
2024-04-26 20:10:33.811164648,23.4,95
2024-04-26 20:03:45.323858958,23.4,95
2024-04-26 19:56:56.827388415,23.4,95
2024-04-26 19:50:08.334185188,23.4,95
2024-04-26 19:43:19.937956703,23.4,95
2024-04-26 19:36:31.348443483,23.4,95
2024-04-26 19:29:42.876272600,23.5,95
2024-04-26 19:22:54.391813506,23.4,95
2024-04-26 19:16:05.909399092,23.5,95
2024-04-26 19:09:17.424379209,23.5,95
2024-04-26 19:02:28.933758136,23.5,95
2024-04-26 18:55:40.462942932,23.5,95
2024-04-26 18:48:51.960181386,23.5,95
2024-04-26 18:42:03.482632080,23.5,95
2024-04-26 18:35:14.995457903,23.5,95
2024-04-26 18:28:26.523031450,23.5,95
2024-04-26 18:21:38.044012810,23.5,95
2024-04-26 18:14:49.569082761,23.5,95
2024-04-26 18:08:01.065784593,23.5,95
2024-04-26 18:01:12.587778745,23.5,95
2024-04-26 17:54:24.123908018,23.5,95
2024-04-26 17:47:35.649603044,23.5,95
2024-04-26 17:40:47.191493180,23.5,95
2024-04-26 17:33:58.750268294,23.4,95
2024-04-26 17:27:10.305378176,23.4,95
2024-04-26 17:20:21.841977310,23.4,95
2024-04-26 17:13:33.381540366,23.4,95
2024-04-26 17:06:44.930542974,23.4,95
2024-04-26 16:59:56.466726957,23.4,95
2024-04-26 16:53:08.006687792,23.4,95
2024-04-26 16:46:19.550676026,23.4,95
2024-04-26 16:39:31.087662512,23.3,95
2024-04-26 16:32:42.608213702,23.3,95
2024-04-26 16:25:54.138941252,23.3,95
2024-04-26 16:19:05.656075703,23.3,95
2024-04-26 16:12:17.183062967,23.3,95
2024-04-26 16:05:28.703937662,23.3,95
2024-04-26 15:58:40.239706025,23.2,95
2024-04-26 15:51:51.763392899,23.2,95
2024-04-26 15:45:03.276339995,23.2,95
2024-04-26 15:38:14.791608958,23.2,95
2024-04-26 15:31:26.316225139,23.2,95
2024-04-26 15:24:37.831674425,23.2,95
2024-04-26 15:17:49.353952238,23.2,95
2024-04-26 15:11:00.887658933,23.2,95
2024-04-26 14:57:23.955577609,23.1,95
2024-04-26 14:50:35.492560029,23.1,95
2024-04-26 14:43:47.023605525,23.1,95
2024-04-26 14:36:58.560030567,23.1,95
2024-04-26 14:30:10.096726180,23.1,95
2024-04-26 14:23:21.632456001,23.1,95
2024-04-26 14:16:33.194894033,23.1,95
2024-04-26 14:09:44.758556808,23.1,95
2024-04-26 14:02:56.299915958,23.1,95
2024-04-26 13:56:07.865417105,23.1,95
2024-04-26 13:49:19.414958405,23.0,95
2024-04-26 13:42:30.954906168,23.0,95
2024-04-26 13:35:42.490038258,23.0,95
2024-04-26 13:28:54.035348787,23.0,95
2024-04-26 13:22:05.591940165,23.0,95
2024-04-26 13:15:17.134343954,23.0,95
2024-04-26 13:08:28.700777201,23.0,95
2024-04-26 13:01:40.244038561,23.1,95
2024-04-26 12:54:51.784787468,23.0,95
2024-04-26 12:48:03.330886935,23.1,95
2024-04-26 12:41:14.867437871,23.0,95
2024-04-26 12:34:26.390627292,23.0,95
2024-04-26 12:27:37.927916315,23.0,95
2024-04-26 12:20:49.463607345,23.0,95
2024-04-26 12:14:01.002433323,23.0,95
2024-04-26 12:07:12.551389151,23.0,95
2024-04-26 12:00:24.078925793,23.0,95
2024-04-26 11:53:35.625003788,23.0,95
2024-04-26 11:46:47.163455732,23.0,95
2024-04-26 11:39:58.702258587,23.0,95
2024-04-26 11:33:10.257061168,23.0,95
2024-04-26 11:26:21.791941531,23.0,95
2024-04-26 11:19:33.326611957,22.9,95
2024-04-26 11:12:44.882087459,22.9,95
2024-04-26 11:05:56.432568561,22.9,95
2024-04-26 10:59:07.967374837,22.9,95
2024-04-26 10:52:19.488081314,22.9,95
2024-04-26 10:45:31.016961746,22.9,95
2024-04-26 10:38:42.553313352,22.9,95
2024-04-26 10:31:54.048663302,22.9,95
2024-04-26 10:25:05.581884299,22.9,95
2024-04-26 10:18:17.088387673,23.0,95
2024-04-26 10:11:28.618925132,23.0,95
2024-04-26 10:04:40.141492245,23.0,95
2024-04-26 09:57:51.675280111,23.0,95
2024-04-26 09:51:03.218428962,23.0,95
2024-04-26 09:44:14.738263405,23.0,95
2024-04-26 09:37:26.287572745,23.0,95
2024-04-26 09:30:37.832983453,23.0,95
2024-04-26 09:23:49.390636081,22.9,95
2024-04-26 09:17:00.911708697,23.0,95
2024-04-26 09:10:12.431606454,23.0,95
2024-04-26 09:03:23.962409251,23.0,95
2024-04-26 08:56:35.484844079,23.0,95
2024-04-26 08:49:47.023820949,23.0,95
2024-04-26 08:42:58.565885119,23.0,95
2024-04-26 08:36:10.074261800,23.0,95
2024-04-26 08:29:21.602671004,23.0,95
2024-04-26 08:22:33.135018883,23.0,95
2024-04-26 08:15:44.681334883,23.0,95
2024-04-26 08:08:56.205928765,23.0,95
2024-04-26 08:02:07.723185538,23.0,95
2024-04-26 07:55:19.268670393,23.0,95
2024-04-26 07:48:30.805571828,23.0,95
2024-04-26 07:41:42.343749578,23.0,95
2024-04-26 07:34:53.875656401,23.0,95
2024-04-26 07:28:05.427269762,23.0,95
2024-04-26 07:21:16.973321740,23.0,95
2024-04-26 07:14:28.532404106,23.0,95
2024-04-26 07:07:40.062577070,23.0,95
2024-04-26 07:00:51.612128346,23.0,95
2024-04-26 06:54:03.173888927,23.0,95
2024-04-26 06:47:14.719593158,23.0,95
2024-04-26 06:40:26.291677108,23.0,95
2024-04-26 06:33:37.849588825,23.0,95
2024-04-26 06:26:49.375691378,23.0,95
2024-04-26 06:20:00.926266920,23.0,95
2024-04-26 06:13:12.488129387,23.0,95
2024-04-26 06:06:24.038219757,23.0,95
2024-04-26 05:59:35.590421978,23.0,95
2024-04-26 05:52:47.129115461,23.0,95
2024-04-26 05:45:58.675420294,23.0,95
2024-04-26 05:39:10.213773280,23.0,95
2024-04-26 05:25:33.319530304,23.0,95
2024-04-26 05:18:44.858664936,23.0,95
2024-04-26 05:11:56.432438813,23.0,95
2024-04-26 05:05:07.945371272,23.1,95
2024-04-26 04:58:19.488877669,23.1,95
2024-04-26 04:51:31.010210676,23.1,95
2024-04-26 04:44:42.536167220,23.1,95
2024-04-26 04:37:54.074813644,23.1,95
2024-04-26 04:31:05.616941880,23.1,95
2024-04-26 04:24:17.163166753,23.1,95
2024-04-26 04:17:28.690907011,23.1,95
2024-04-26 04:10:40.213056904,23.1,95
2024-04-26 04:03:51.751454848,23.1,95
2024-04-26 03:57:03.288058954,23.1,95
2024-04-26 03:50:14.824275688,23.1,95
2024-04-26 03:43:26.369356469,23.1,95
2024-04-26 03:36:37.917523418,23.1,95
2024-04-26 03:29:49.470666859,23.1,95
2024-04-26 03:23:01.007692643,23.1,95
2024-04-26 03:16:12.545438110,23.1,95
2024-04-26 03:09:24.118247197,23.1,95
2024-04-26 03:02:35.668669137,23.1,95
2024-04-26 02:55:47.224846864,23.1,95
2024-04-26 02:48:58.784151637,23.0,95
2024-04-26 02:42:10.323576268,23.0,95
2024-04-26 02:35:21.874688457,23.0,95
2024-04-26 02:21:44.961883486,23.0,95
2024-04-26 02:14:56.496576488,23.0,95
2024-04-26 02:08:08.040733093,23.1,95
2024-04-26 02:01:19.585217832,23.1,95
2024-04-26 01:54:31.101681096,23.1,95
2024-04-26 01:47:42.666342471,23.1,95
2024-04-26 01:40:54.217236849,23.1,95
2024-04-26 01:34:05.768486974,23.1,95
2024-04-26 01:20:28.866188050,23.1,95
2024-04-26 01:13:40.410286763,23.1,95
2024-04-26 01:06:51.952326600,23.1,95
2024-04-26 01:00:03.503921253,23.1,95
2024-04-26 00:53:15.064560581,23.1,95
2024-04-26 00:46:26.584892328,23.1,95
2024-04-26 00:39:38.142237746,23.1,95
2024-04-26 00:32:49.712656412,23.1,95
2024-04-26 00:26:01.286411234,23.1,95
2024-04-26 00:19:12.930641635,23.1,95
2024-04-26 00:12:24.390901914,23.1,95
2024-04-26 00:05:35.943928672,23.1,95
2024-04-25 23:58:47.488462470,23.1,95
2024-04-25 23:51:59.033646878,23.2,95
2024-04-25 23:45:10.592042867,23.2,95
2024-04-25 23:38:22.155239677,23.2,95
2024-04-25 23:31:33.727423348,23.2,95
2024-04-25 23:24:45.297431521,23.2,95
2024-04-25 23:17:56.860580885,23.2,95
2024-04-25 23:11:08.437994702,23.2,95
2024-04-25 23:04:19.994538564,23.2,95
2024-04-25 22:57:31.546550972,23.2,95
2024-04-25 22:50:43.114042062,23.2,95
2024-04-25 22:43:54.634359010,23.2,95
2024-04-25 22:37:06.191229030,23.2,95
2024-04-25 22:30:17.749651070,23.3,95
2024-04-25 22:16:40.843570871,23.3,95
2024-04-25 22:09:52.373214523,23.3,95
2024-04-25 22:03:03.916679073,23.3,95
2024-04-25 21:56:15.481583319,23.3,95
2024-04-25 21:49:27.047223248,23.3,95
2024-04-25 21:35:50.152130844,23.3,95
2024-04-25 21:29:01.710675209,23.3,95
2024-04-25 21:22:13.377786530,23.3,95
2024-04-25 21:15:24.845826039,23.3,95
2024-04-25 21:08:36.380972827,23.3,95
2024-04-25 21:01:47.917564755,23.4,95
2024-04-25 20:54:59.459717698,23.4,95
2024-04-25 20:48:11.015410448,23.4,95
2024-04-25 20:41:22.551454435,23.4,95
2024-04-25 20:34:34.099634371,23.4,95
2024-04-25 20:27:45.656676019,23.4,95
2024-04-25 20:20:57.220061716,23.4,95
2024-04-25 20:14:08.779815012,23.4,95
2024-04-25 20:07:20.340704539,23.5,95
2024-04-25 20:00:31.908848253,23.5,95
2024-04-25 19:53:43.464509294,23.5,95
2024-04-25 19:46:55.027581761,23.5,95
2024-04-25 19:40:06.578304736,23.5,95
2024-04-25 19:33:18.140021544,23.5,95
2024-04-25 19:26:29.686332686,23.5,95
2024-04-25 19:19:41.254006312,23.5,95
2024-04-25 19:12:52.822274607,23.5,95
2024-04-25 19:06:04.399653893,23.5,95
2024-04-25 18:59:15.953279763,23.6,95
2024-04-25 18:52:27.515355549,23.6,95
2024-04-25 18:45:39.080025876,23.6,95
2024-04-25 18:38:50.646576293,23.6,95
2024-04-25 18:32:02.185721979,23.6,95
2024-04-25 18:25:13.743344025,23.6,95
2024-04-25 18:18:25.316788820,23.6,95
2024-04-25 18:11:36.878980586,23.6,95
2024-04-25 18:04:48.426811480,23.6,95
2024-04-25 17:57:59.978941623,23.6,95
2024-04-25 17:51:11.534531793,23.6,95
2024-04-25 17:44:23.162574830,23.6,95
2024-04-25 17:37:34.649514125,23.6,95
2024-04-25 17:30:46.202221983,23.6,95
2024-04-25 17:23:57.751480068,23.6,95
2024-04-25 17:17:09.307824735,23.7,95
2024-04-25 17:10:20.843543021,23.6,95
2024-04-25 17:03:32.391970083,23.6,95
2024-04-25 16:56:43.962543791,23.6,95
2024-04-25 16:49:55.517630891,23.6,95
2024-04-25 16:43:07.063853095,23.6,95
2024-04-25 16:36:18.614246656,23.6,95
2024-04-25 16:29:30.158542257,23.6,95
2024-04-25 16:22:41.708321712,23.6,95
2024-04-25 16:15:53.251879565,23.6,95
2024-04-25 16:09:04.782853954,23.6,95
2024-04-25 16:02:16.329434340,23.6,95
2024-04-25 15:55:27.880959973,23.6,95
2024-04-25 15:48:39.414136844,23.6,95
2024-04-25 15:41:50.956088391,23.6,95
2024-04-25 15:35:02.512591970,23.5,95
2024-04-25 15:28:14.053653401,23.5,95
2024-04-25 15:21:25.588230830,23.5,95
2024-04-25 15:14:37.146132714,23.5,95
2024-04-25 15:07:48.688752632,23.5,95
2024-04-25 15:01:00.208866561,23.5,95
2024-04-25 14:54:11.737836139,23.4,95
2024-04-25 14:47:23.263288332,23.4,95
2024-04-25 14:40:34.785495110,23.4,95
2024-04-25 14:33:46.320551567,23.4,95
2024-04-25 14:26:57.868892162,23.4,95
2024-04-25 14:20:09.401414457,23.4,95
2024-04-25 14:13:20.937224117,23.4,95
2024-04-25 14:06:32.472775658,23.4,95
2024-04-25 13:52:55.551966195,23.4,95
2024-04-25 13:46:07.092755491,23.4,95
2024-04-25 13:39:18.639143531,23.4,95
2024-04-25 13:32:30.171185258,23.4,95
2024-04-25 13:25:41.697452805,23.4,95
2024-04-25 13:18:53.244837381,23.4,95
2024-04-25 13:12:04.815637981,23.4,95
2024-04-25 13:05:16.355303309,23.4,95
2024-04-25 12:58:27.904291409,23.4,95
2024-04-25 12:51:39.457705023,23.4,95
2024-04-25 12:44:50.982579771,23.4,95
2024-04-25 12:38:02.519996456,23.3,95
2024-04-25 12:31:14.076098211,23.3,95
2024-04-25 12:24:25.648244930,23.4,95
2024-04-25 12:17:37.202721672,23.3,95
2024-04-25 12:10:48.756844374,23.3,95
2024-04-25 12:04:00.294362101,23.3,95
2024-04-25 11:57:11.839240384,23.3,95
2024-04-25 11:50:23.393261899,23.3,95
2024-04-25 11:43:34.968559833,23.3,95
2024-04-25 11:36:46.511829272,23.3,95
2024-04-25 11:29:58.008213950,23.3,95
2024-04-25 11:23:09.512941137,23.2,95
2024-04-25 11:16:21.032457959,23.2,95
2024-04-25 11:09:32.532858164,23.2,95
2024-04-25 11:02:44.040858545,23.2,95
2024-04-25 10:55:55.556089094,23.2,95
2024-04-25 10:49:07.111834627,23.2,95
2024-04-25 10:42:18.650966141,23.2,95
2024-04-25 10:35:30.188560117,23.2,95
2024-04-25 10:28:41.850576272,23.2,95
2024-04-25 10:21:53.242889174,23.2,95
2024-04-25 10:15:04.805088090,23.2,95
2024-04-25 10:08:16.407609185,23.2,95
2024-04-25 10:01:27.873812661,23.2,95
2024-04-25 09:54:39.425023253,23.2,95
2024-04-25 09:47:50.997385113,23.2,95
2024-04-25 09:41:02.541339086,23.2,95
2024-04-25 09:34:14.096817819,23.2,95
2024-04-25 09:27:25.668595598,23.2,95
2024-04-25 09:20:37.231832154,23.2,95
2024-04-25 09:13:48.786017913,23.2,95
2024-04-25 09:07:00.339460141,23.2,95
2024-04-25 09:00:11.902175540,23.2,95
2024-04-25 08:53:23.483133341,23.2,95
2024-04-25 08:46:35.034754547,23.2,95
2024-04-25 08:39:46.595857052,23.2,95
2024-04-25 08:32:58.149849534,23.3,95
2024-04-25 08:26:09.687057187,23.2,95
2024-04-25 08:19:21.266289866,23.2,95
2024-04-25 08:12:32.837471059,23.2,95
2024-04-25 08:05:44.398667304,23.3,95
2024-04-25 07:58:55.954066317,23.2,95
2024-04-25 07:52:07.533139555,23.2,95
2024-04-25 07:45:19.103448235,23.2,95
2024-04-25 07:38:30.680814203,23.2,95
2024-04-25 07:31:42.247621493,23.2,95
2024-04-25 07:24:53.810072506,23.2,95
2024-04-25 07:18:05.358157891,23.2,95
2024-04-25 07:04:28.450566039,23.2,95
2024-04-25 06:57:40.024105363,23.2,95
2024-04-25 06:50:51.580770855,23.2,95
2024-04-25 06:44:03.152407064,23.2,95
2024-04-25 06:37:14.719612467,23.2,95
2024-04-25 06:30:26.256464611,23.3,95
2024-04-25 06:23:37.812023241,23.3,95
2024-04-25 06:16:49.379901120,23.3,95
2024-04-25 06:10:00.927002542,23.2,95
2024-04-25 06:03:12.487324045,23.2,95
2024-04-25 05:56:24.069752938,23.2,95
2024-04-25 05:49:35.613920440,23.2,95
2024-04-25 05:42:47.181522370,23.2,95
2024-04-25 05:35:58.759981538,23.2,95
2024-04-25 05:29:10.327529051,23.2,95
2024-04-25 05:22:21.911508381,23.2,95
2024-04-25 05:15:33.459864374,23.2,95
2024-04-25 05:08:45.024178531,23.2,95
2024-04-25 05:01:56.584628139,23.2,95
2024-04-25 04:55:08.154497202,23.2,95
2024-04-25 04:48:19.720737858,23.2,95
2024-04-25 04:41:31.270942538,23.2,95
2024-04-25 04:34:42.811336518,23.2,95
2024-04-25 04:27:54.366416763,23.2,95
2024-04-25 04:21:05.898819044,23.2,95
2024-04-25 04:14:17.438553574,23.2,95
2024-04-25 04:07:29.001393109,23.2,95
2024-04-25 04:00:40.547187844,23.2,95
2024-04-25 03:53:52.086729415,23.2,95
2024-04-25 03:47:03.648407723,23.2,95
2024-04-25 03:40:15.224676428,23.2,95
2024-04-25 03:33:26.790994220,23.2,95
2024-04-25 03:26:38.349505426,23.2,95
2024-04-25 03:19:49.910129458,23.2,95
2024-04-25 03:13:01.466350859,23.2,95
2024-04-25 03:06:13.050321453,23.2,95
2024-04-25 02:59:24.606634121,23.2,95
2024-04-25 02:52:36.180344714,23.2,95
2024-04-25 02:45:47.755143346,23.1,95
2024-04-25 02:38:59.317004006,23.1,95
2024-04-25 02:32:10.877679902,23.1,95
2024-04-25 02:25:22.434081539,23.2,95
2024-04-25 02:18:33.984896661,23.2,95
2024-04-25 02:11:45.548070131,23.2,95
2024-04-25 02:04:57.117080923,23.2,95
2024-04-25 01:58:08.672817240,23.2,95
2024-04-25 01:51:20.224852718,23.2,95
2024-04-25 01:44:31.781623425,23.2,95
2024-04-25 01:37:43.330535545,23.2,95
2024-04-25 01:30:55.051983750,23.3,95
2024-04-25 01:24:06.421777703,23.3,95
2024-04-25 01:17:17.988735633,23.3,95
2024-04-25 01:10:29.534512704,23.3,95
2024-04-25 01:03:41.079035644,23.3,95
2024-04-25 00:56:52.656187405,23.3,95
2024-04-25 00:50:04.215488315,23.3,95
2024-04-25 00:43:15.764755326,23.3,95
2024-04-25 00:36:27.353573615,23.4,95
2024-04-25 00:29:38.902506088,23.4,95
2024-04-25 00:22:50.490840742,23.4,95
2024-04-25 00:16:02.064915174,23.5,95
2024-04-25 00:09:13.638632618,23.5,95
2024-04-25 00:02:25.192479295,23.5,95
2024-04-24 23:55:36.762264044,23.5,95
2024-04-24 23:48:48.330914452,23.5,95
2024-04-24 23:41:59.866709000,23.5,95
2024-04-24 23:35:11.671688659,23.5,95
2024-04-24 23:28:22.993895926,23.5,95
2024-04-24 23:21:34.537253734,23.5,95
2024-04-24 23:14:46.104735326,23.6,95
2024-04-24 23:07:57.659352534,23.5,95
2024-04-24 23:01:09.187751666,23.6,95
2024-04-24 22:54:20.727214960,23.6,95
2024-04-24 22:47:32.257525927,23.6,95
2024-04-24 22:40:43.828618286,23.6,95
2024-04-24 22:33:55.370003114,23.6,95
2024-04-24 22:27:06.943584016,23.6,95
2024-04-24 22:20:18.515819190,23.6,95
2024-04-24 22:13:30.078194067,23.6,95
2024-04-24 22:06:41.603425370,23.6,95
2024-04-24 21:59:53.152205143,23.6,95
2024-04-24 21:53:04.715276492,23.7,95
2024-04-24 21:46:16.353572641,23.7,95
2024-04-24 21:39:27.827720043,23.7,95
2024-04-24 21:32:39.367076166,23.7,95
2024-04-24 21:25:50.925103862,23.7,95
2024-04-24 21:19:02.464305668,23.7,95
2024-04-24 21:12:14.006647871,23.7,95
2024-04-24 21:05:25.544471999,23.7,95
2024-04-24 20:58:37.107048999,23.7,95
2024-04-24 20:51:48.664552079,23.7,95
2024-04-24 20:45:00.192736259,23.7,95
2024-04-24 20:38:11.735184271,23.7,95
2024-04-24 20:31:23.274479716,23.7,95
2024-04-24 20:24:34.834268798,23.7,95
2024-04-24 20:17:46.389255305,23.7,95
2024-04-24 20:10:57.942715786,23.7,95
2024-04-24 20:04:09.481459862,23.7,95
2024-04-24 19:57:21.028733723,23.7,95
2024-04-24 19:50:32.590945048,23.7,95
2024-04-24 19:43:44.133260963,23.7,95
2024-04-24 19:36:55.673748961,23.7,95
2024-04-24 19:30:07.210372672,23.7,95
2024-04-24 19:23:18.748453056,23.7,95
2024-04-24 19:16:30.303246589,23.7,95
2024-04-24 19:09:41.864196334,23.7,95
2024-04-24 19:02:53.442088538,23.7,95
2024-04-24 18:56:04.978356254,23.7,95
2024-04-24 18:49:16.525276726,23.7,95
2024-04-24 18:42:28.082137370,23.7,95
2024-04-24 18:35:39.632405505,23.7,95
2024-04-24 18:28:51.181452368,23.7,95
2024-04-24 18:22:02.721166643,23.7,95
2024-04-24 18:15:14.283857790,23.7,95
2024-04-24 18:08:25.853422379,23.7,95
2024-04-24 18:01:37.413489354,23.7,95
2024-04-24 17:54:48.984046410,23.7,95
2024-04-24 17:48:00.549154623,23.7,95
2024-04-24 17:41:12.117563972,23.7,95
2024-04-24 17:34:26.604068142,23.7,95
2024-04-24 17:34:23.674529330,23.7,95
2024-04-24 17:27:35.256992743,23.7,95
2024-04-24 17:20:46.826950607,23.6,95
2024-04-24 17:13:58.424628956,23.6,95
2024-04-24 17:07:10.007388395,23.6,95
2024-04-24 17:00:21.558302397,23.6,95
2024-04-24 16:53:33.119272249,23.6,95
2024-04-24 16:46:44.699290114,23.6,95
2024-04-24 16:39:56.271130135,23.6,95
2024-04-24 16:33:07.843665538,23.6,95
2024-04-24 16:26:19.409670574,23.5,95
2024-04-24 16:19:30.986912483,23.5,95
2024-04-24 16:12:42.638070606,23.5,95
2024-04-24 16:05:54.078189949,23.5,95
2024-04-24 15:59:05.614253371,23.5,95
2024-04-24 15:52:17.146139592,23.4,95
2024-04-24 15:45:28.688804897,23.4,95
2024-04-24 15:38:40.214397502,23.4,95
2024-04-24 15:31:51.764622957,23.3,95
2024-04-24 15:25:03.304167763,23.3,95
2024-04-24 15:18:14.837265034,23.3,95
2024-04-24 15:11:26.392647754,23.3,95
2024-04-24 15:04:37.949456362,23.3,95
2024-04-24 14:57:49.493599729,23.3,95
2024-04-24 14:51:01.059637634,23.3,95
2024-04-24 14:44:12.621181229,23.3,95
2024-04-24 14:37:24.190580549,23.2,95
2024-04-24 14:30:35.748703313,23.2,95
2024-04-24 14:23:47.306501211,23.2,95
2024-04-24 14:16:58.881906293,23.2,95
2024-04-24 14:10:10.466027551,23.2,95
2024-04-24 14:03:22.047635072,23.2,95
2024-04-24 13:56:33.601168990,23.2,95
2024-04-24 13:49:45.149846010,23.1,95
2024-04-24 13:42:56.686065851,23.1,95
2024-04-24 13:36:08.214708767,23.2,95
2024-04-24 13:29:19.745923279,23.1,95
2024-04-24 13:22:31.273362361,23.1,95
2024-04-24 13:15:42.821808260,23.1,95
2024-04-24 13:08:54.370779699,23.1,95
2024-04-24 13:02:05.924464559,23.1,95
2024-04-24 12:55:17.483419653,23.1,95
2024-04-24 12:48:29.042354020,23.0,95
2024-04-24 12:41:40.584498206,23.0,95
2024-04-24 12:34:52.135988160,23.0,95
2024-04-24 12:28:03.678610605,23.0,95
2024-04-24 12:21:15.243950958,23.0,95
2024-04-24 12:14:26.778126292,23.0,95
2024-04-24 12:07:38.324889725,23.0,95
2024-04-24 12:00:52.791601915,23.0,95
2024-04-24 12:00:49.858465801,23.0,95
2024-04-24 11:54:01.404093927,23.0,95
2024-04-24 11:47:12.957313530,23.0,95
2024-04-24 11:40:24.517232036,22.9,95
2024-04-24 11:33:36.076812669,23.0,95
2024-04-24 11:26:47.631125959,23.0,95
2024-04-24 11:19:59.185120849,22.9,95
2024-04-24 11:13:10.741157082,22.9,95
2024-04-24 10:59:33.845587223,22.8,95
2024-04-24 10:52:45.396631813,22.9,95
2024-04-24 10:45:56.950021580,22.9,95
2024-04-24 10:39:08.488612247,22.9,95
2024-04-24 10:32:20.043756642,22.8,95
2024-04-24 10:25:31.588766112,22.8,95
2024-04-24 10:18:43.132775691,22.8,95
2024-04-24 10:11:54.709694783,22.8,95
2024-04-24 10:05:06.239072103,22.8,95
2024-04-24 09:58:17.801696629,22.8,95
2024-04-24 09:51:29.349413280,22.8,95
2024-04-24 09:44:40.920934254,22.8,95
2024-04-24 09:37:52.478266955,22.8,95
2024-04-24 09:31:04.044722328,22.8,95
2024-04-24 09:24:15.600600873,22.8,95
2024-04-24 09:17:27.174677312,22.9,95
2024-04-24 09:10:38.735703622,22.8,95
2024-04-24 09:03:50.302499183,22.9,95
2024-04-24 08:57:01.858129722,22.8,95
2024-04-24 08:50:13.399912972,22.9,95
2024-04-24 08:43:24.939119914,22.9,95
2024-04-24 08:36:36.488637737,22.9,95
2024-04-24 08:29:48.052182454,22.9,95
2024-04-24 08:22:59.620819865,22.9,95
2024-04-24 08:16:11.198656523,22.9,95
2024-04-24 08:09:22.787932971,23.0,95
2024-04-24 08:02:34.364680194,22.9,95
2024-04-24 07:55:45.938503299,22.9,95
2024-04-24 07:48:57.511740440,22.9,95
2024-04-24 07:35:20.640325941,23.0,95
2024-04-24 07:28:32.212392206,22.9,95
2024-04-24 07:21:43.771344600,22.9,95
2024-04-24 07:14:55.316825051,22.9,95
2024-04-24 07:08:06.869731358,22.9,95
2024-04-24 07:01:18.434652870,22.9,95
2024-04-24 06:54:29.981397989,22.9,95
2024-04-24 06:47:41.529369226,22.9,95
2024-04-24 06:40:53.112386739,22.9,95
2024-04-24 06:34:04.656704296,23.0,95
2024-04-24 06:27:16.200075267,23.0,95
2024-04-24 06:20:27.760745195,23.0,95
2024-04-24 06:13:39.309766367,23.0,95
2024-04-24 06:06:50.876999453,23.0,95
2024-04-24 06:00:02.425098017,23.0,95
2024-04-24 05:53:13.987741479,22.9,95
2024-04-24 05:46:25.553496869,23.0,95
2024-04-24 05:39:37.112065346,22.9,95
2024-04-24 05:32:48.676826452,23.0,95
2024-04-24 05:26:00.239202818,22.9,95
2024-04-24 05:19:11.815872444,23.0,95
2024-04-24 05:12:23.391545597,23.0,95
2024-04-24 05:05:34.971021854,23.0,95
2024-04-24 04:58:46.533153047,23.0,95
2024-04-24 04:51:58.101385056,23.0,95
2024-04-24 04:45:09.664380359,23.0,95
2024-04-24 04:38:21.233786655,23.0,95
2024-04-24 04:31:32.790746108,23.0,95
2024-04-24 04:24:44.336073488,23.0,95
2024-04-24 04:17:55.882997883,23.0,95
2024-04-24 04:11:07.436748515,23.0,95
2024-04-24 04:04:18.970813112,23.0,95
2024-04-24 03:57:30.520794653,23.0,95
2024-04-24 03:50:42.060977789,23.0,95
2024-04-24 03:43:53.618848178,23.0,95
2024-04-24 03:37:05.136334975,23.0,95
2024-04-24 03:30:16.677250618,23.0,95
2024-04-24 03:16:39.753766661,23.0,95
2024-04-24 03:09:51.293602512,23.0,95
2024-04-24 03:03:02.821927326,23.0,95
2024-04-24 02:56:14.359160489,22.9,95
2024-04-24 02:49:25.912362443,22.9,95
2024-04-24 02:42:37.462611986,22.9,95
2024-04-24 02:35:49.024706974,22.9,95
2024-04-24 02:29:00.579764715,22.9,95
2024-04-24 02:22:12.145817530,22.9,95
2024-04-24 02:15:23.691376065,22.9,95
2024-04-24 02:08:35.253023119,22.9,95
2024-04-24 02:01:46.779993895,22.9,95
2024-04-24 01:54:58.340716100,22.9,95
2024-04-24 01:48:09.867477631,22.9,95
2024-04-24 01:41:21.421192420,22.9,95
2024-04-24 01:34:32.982003538,22.8,95
2024-04-24 01:27:44.534374219,22.8,95
2024-04-24 01:20:56.090963051,22.8,95
2024-04-24 01:14:07.627205473,22.7,95
2024-04-24 01:07:19.187858665,22.4,95
2024-04-24 01:00:30.732289532,22.2,95
2024-04-24 00:53:42.298245356,22.7,95
2024-04-24 00:46:53.844213237,22.7,95
2024-04-24 00:40:05.420779887,22.5,95
2024-04-24 00:33:16.991376005,22.7,95
2024-04-24 00:26:28.557707640,22.7,95
2024-04-24 00:19:40.104458354,22.5,95
2024-04-24 00:12:51.686510732,22.3,95
2024-04-24 00:06:03.235423891,22.7,95
2024-04-23 23:59:14.771847201,22.7,95
2024-04-23 23:52:26.337967106,22.7,95
2024-04-23 23:45:37.901022394,22.8,95
2024-04-23 23:38:49.455413193,22.7,95
2024-04-23 23:32:01.011076602,22.7,95
2024-04-23 23:25:12.553329907,23.0,95
2024-04-23 23:18:24.122386878,23.1,95
2024-04-23 23:11:35.648864714,23.2,95
2024-04-23 23:04:47.197959880,23.2,95
2024-04-23 22:57:58.787030572,23.2,95
2024-04-23 22:51:10.336993126,23.2,95
2024-04-23 22:44:21.912902092,23.2,95
2024-04-23 22:37:33.475816482,23.2,95
2024-04-23 22:30:45.054502015,23.2,95
2024-04-23 22:23:56.619361587,23.3,95
2024-04-23 22:17:08.181225112,23.3,94
2024-04-23 22:10:19.752159640,23.3,95
2024-04-23 22:03:31.303362047,23.4,94
2024-04-23 21:56:42.875269106,23.4,94
2024-04-23 21:49:54.444223121,23.4,93
2024-04-23 21:43:06.015909130,23.4,93
2024-04-23 21:36:17.587328815,23.4,92
2024-04-23 21:29:29.174774507,23.4,92
2024-04-23 21:22:40.763478873,23.4,93
2024-04-23 21:15:52.347513317,23.4,91
2024-04-23 21:09:03.935302012,23.4,91
2024-04-23 21:02:15.515371896,23.3,90
2024-04-23 20:55:27.058695722,23.3,89
2024-04-23 20:41:50.206775456,23.3,88
2024-04-23 20:35:01.790093145,23.3,87
2024-04-23 20:28:13.359351774,23.4,88
2024-04-23 20:21:24.928949036,23.4,87
2024-04-23 20:14:36.507958435,23.3,86
2024-04-23 20:07:48.111644722,23.3,86
2024-04-23 20:00:59.716480871,23.3,85
2024-04-23 19:54:11.301318416,23.3,85
2024-04-23 19:47:22.885409792,23.2,85
2024-04-23 19:40:34.456743496,23.2,85
2024-04-23 19:33:46.031483703,23.2,85
2024-04-23 19:26:57.595508120,23.3,86
2024-04-23 19:20:09.169388306,23.3,86
2024-04-23 19:13:20.730639421,23.4,86
2024-04-23 19:06:32.297421335,23.3,86
2024-04-23 18:59:43.857099171,23.3,86
2024-04-23 18:52:55.418368985,23.3,86
2024-04-23 18:46:06.977603297,23.3,86
2024-04-23 18:39:18.554871920,23.3,86
2024-04-23 18:32:30.117749141,23.3,86
2024-04-23 18:25:41.678810800,23.3,85
2024-04-23 18:18:53.235767461,23.3,85
2024-04-23 18:12:04.787618366,23.3,85
2024-04-23 18:05:16.337845236,23.3,85
2024-04-23 17:58:27.904431612,23.3,85
2024-04-23 17:51:39.467560490,23.3,85
2024-04-23 17:44:51.024553549,23.3,84
2024-04-23 17:38:02.559444839,23.3,85
2024-04-23 17:31:14.100949622,23.3,85
2024-04-23 17:24:25.641498403,23.3,85
2024-04-23 17:17:37.190214693,23.3,85
2024-04-23 17:10:48.746887633,23.3,85
2024-04-23 17:04:00.313531891,23.4,84
2024-04-23 16:57:11.890143188,23.3,86
2024-04-23 16:50:23.441424235,23.4,86
2024-04-23 16:43:34.999523968,23.4,86
2024-04-23 16:36:46.569107964,23.3,86
2024-04-23 16:29:58.143103416,23.3,87
2024-04-23 16:23:09.694514164,23.3,87
2024-04-23 16:16:21.242583918,23.3,88
2024-04-23 16:09:32.784009833,23.3,88
2024-04-23 16:02:44.330983083,23.3,89
2024-04-23 15:55:55.877214206,23.3,89
2024-04-23 15:49:07.429362692,23.2,89
2024-04-23 15:42:18.967175930,23.2,89
2024-04-23 15:35:30.520977331,23.2,89
2024-04-23 15:28:42.091829897,23.2,90
2024-04-23 15:21:53.616936153,23.2,90
2024-04-23 15:15:05.170068273,23.2,90
2024-04-23 15:08:16.729535287,23.2,90
2024-04-23 15:01:28.259050303,23.2,91
2024-04-23 14:54:39.817228053,23.1,91
2024-04-23 14:47:51.389105180,23.1,92
2024-04-23 14:41:02.942390753,23.1,92
2024-04-23 14:34:14.503739922,23.0,93
2024-04-23 14:27:26.072049396,22.9,94
2024-04-23 14:20:37.622028901,22.9,95
2024-04-23 14:13:49.192132608,22.9,95
2024-04-23 14:07:00.761761097,22.9,95
2024-04-23 14:00:12.324840973,22.8,95
2024-04-23 13:53:23.893715502,22.8,95
2024-04-23 13:46:35.446965494,22.7,95
2024-04-23 13:39:47.000264362,22.7,95
2024-04-23 13:32:58.546801807,22.6,95
2024-04-23 13:26:10.106196653,22.6,95
2024-04-23 13:19:21.664200284,22.6,95
2024-04-23 13:05:44.781463770,22.4,95
2024-04-23 12:58:56.327458780,22.4,95
2024-04-23 12:52:07.892153407,22.3,95
2024-04-23 12:45:19.444446330,22.3,95
2024-04-23 12:38:31.012076007,22.3,95
2024-04-23 12:31:42.566297897,22.4,95
2024-04-23 12:24:54.116946936,22.4,95
2024-04-23 12:18:05.669020628,22.4,95
2024-04-23 12:11:17.217747589,22.4,95
2024-04-23 12:04:28.755584681,22.4,95
2024-04-23 11:57:40.286660039,22.3,95
2024-04-23 11:50:51.839403682,22.3,95
2024-04-23 11:44:03.388436473,22.3,95
2024-04-23 11:37:14.938676356,22.3,95
2024-04-23 11:30:26.498748376,22.3,95
2024-04-23 11:23:38.052940151,22.2,95
2024-04-23 11:16:49.618125307,22.2,95
2024-04-23 11:10:01.176707798,22.2,95
2024-04-23 11:03:12.748073324,22.2,95
2024-04-23 10:56:24.331976302,22.2,95
2024-04-23 10:49:35.905462372,22.1,95
2024-04-23 10:42:47.479388145,22.1,95
2024-04-23 10:35:59.043266589,22.1,95
2024-04-23 10:29:10.626423622,22.1,95
2024-04-23 10:22:22.207495007,22.1,95
2024-04-23 10:15:33.800591005,22.1,95
2024-04-23 10:08:45.369293400,22.1,95
2024-04-23 10:01:57.007160004,22.1,95
2024-04-23 09:55:08.526009150,22.1,95
2024-04-23 09:48:20.114012179,22.2,95
2024-04-23 09:41:31.699505608,22.1,95
2024-04-23 09:34:43.266905238,22.2,95
2024-04-23 09:27:54.851642482,22.2,95
2024-04-23 09:21:06.396629088,22.1,95
2024-04-23 09:14:17.939977837,22.2,95
2024-04-23 09:07:29.479626341,22.2,95
2024-04-23 09:00:41.015463720,22.1,95
2024-04-23 08:53:52.576706416,22.1,95
2024-04-23 08:47:04.118288662,22.1,95
2024-04-23 08:40:15.684651430,22.2,95
2024-04-23 08:33:27.243877436,22.2,95
2024-04-23 08:26:38.802770629,22.1,95
2024-04-23 08:19:50.353299729,22.2,95
2024-04-23 08:13:01.904180994,22.2,95
2024-04-23 08:06:13.464162272,22.2,95
2024-04-23 07:59:25.029052771,22.2,95
2024-04-23 07:52:36.575047077,22.2,95
2024-04-23 07:45:48.134592122,22.2,95
2024-04-23 07:38:59.723755840,22.2,95
2024-04-23 07:32:11.299427590,22.2,95
2024-04-23 07:25:22.873000661,22.2,95
2024-04-23 07:18:34.449752163,22.2,95
2024-04-23 07:11:46.014070129,22.2,95
2024-04-23 07:04:57.574421206,22.2,95
2024-04-23 06:58:09.149827615,22.2,95
2024-04-23 06:51:20.714958890,22.2,95
2024-04-23 06:44:32.281878935,22.2,95
2024-04-23 06:37:43.837992139,22.2,95
2024-04-23 06:30:55.394968824,22.2,95
2024-04-23 06:24:06.947598507,22.2,95
2024-04-23 06:17:18.523088391,22.2,95
2024-04-23 06:10:30.080662667,22.2,95
2024-04-23 06:03:41.643618529,22.2,95
2024-04-23 05:56:53.207802960,22.2,95
2024-04-23 05:50:04.782598136,22.2,95
2024-04-23 05:43:16.346447677,22.2,95
2024-04-23 05:36:27.920464431,22.2,95
2024-04-23 05:29:39.520012879,22.2,95
2024-04-23 05:22:51.102508227,22.2,95
2024-04-23 05:16:02.693712788,22.2,95
2024-04-23 05:09:14.255320466,22.2,95
2024-04-23 05:02:25.836449754,22.2,95
2024-04-23 04:55:37.400822036,22.2,95
2024-04-23 04:48:48.963449127,22.2,95
2024-04-23 04:42:00.634844174,22.2,95
2024-04-23 04:35:12.141341230,22.2,95
2024-04-23 04:28:23.727631424,22.2,95
2024-04-23 04:21:35.287908233,22.2,95
2024-04-23 04:14:46.843276921,22.2,95
2024-04-23 04:07:58.417328293,22.2,95
2024-04-23 04:01:10.000516920,22.2,95
2024-04-23 03:54:21.567792611,22.2,95
2024-04-23 03:47:33.160498917,22.2,95
2024-04-23 03:40:44.755243542,22.2,95
2024-04-23 03:33:56.338589836,22.2,95
2024-04-23 03:27:07.937711712,22.2,95
2024-04-23 03:20:19.549006278,22.2,95
2024-04-23 03:13:31.162405574,22.2,95
2024-04-23 03:06:42.768439023,22.2,95
2024-04-23 02:59:54.368617545,22.2,95
2024-04-23 02:53:05.974475273,22.2,95
2024-04-23 02:46:17.563219132,22.2,95
2024-04-23 02:39:29.184401234,22.1,95
2024-04-23 02:32:40.747593109,22.2,95
2024-04-23 02:25:52.338139878,22.2,95
2024-04-23 02:19:03.920918748,22.2,95
2024-04-23 02:12:15.499796209,22.2,95
2024-04-23 02:05:27.067611428,22.2,95
2024-04-23 01:58:38.613377330,22.2,95
2024-04-23 01:51:50.176219757,22.2,95
2024-04-23 01:45:01.737116443,22.2,95
2024-04-23 01:38:13.297464743,22.2,95
2024-04-23 01:31:24.860081775,22.2,95
2024-04-23 01:24:36.418155472,22.2,95
2024-04-23 01:17:47.961560434,22.2,95
2024-04-23 01:10:59.508556366,22.2,95
2024-04-23 01:04:11.061046990,22.2,95
2024-04-23 00:57:22.597727725,22.2,95
2024-04-23 00:50:34.143602236,22.2,95
2024-04-23 00:43:45.705209805,22.2,95
2024-04-23 00:36:57.282503748,22.2,95
2024-04-23 00:30:08.821970420,22.2,95
2024-04-23 00:23:20.392055267,22.2,95
2024-04-23 00:16:31.969080626,22.2,95
2024-04-23 00:09:43.524256677,22.2,95
2024-04-23 00:02:55.083246024,22.3,95
2024-04-22 23:56:06.666871410,22.2,95
2024-04-22 23:49:18.229791007,22.3,95
2024-04-22 23:42:29.816132562,22.3,95
2024-04-22 23:35:41.396517511,22.2,95
2024-04-22 23:28:52.989097504,22.2,95
2024-04-22 23:22:04.583993166,22.3,95
2024-04-22 23:15:16.163264335,22.3,95
2024-04-22 23:08:27.744130885,22.3,95
2024-04-22 23:01:39.327832145,22.3,95
2024-04-22 22:54:50.914132924,22.3,95
2024-04-22 22:48:02.487640112,22.3,95
2024-04-22 22:41:14.061084459,22.4,95
2024-04-22 22:34:25.619285712,22.4,95
2024-04-22 22:20:48.758935052,22.4,95
2024-04-22 22:07:11.870019950,22.4,95
2024-04-22 22:00:23.436182021,22.4,95
2024-04-22 21:53:34.991022810,22.4,95
2024-04-22 21:46:46.539891660,22.4,95
2024-04-22 21:39:58.090233098,22.4,95
2024-04-22 21:33:09.649680759,22.4,95
2024-04-22 21:26:21.215059537,22.4,95
2024-04-22 21:19:32.790487615,22.3,95
2024-04-22 21:12:44.354751208,22.3,95
2024-04-22 21:05:55.914972534,22.3,95
2024-04-22 20:59:07.510103433,22.3,95
2024-04-22 20:52:19.065633307,22.3,95
2024-04-22 20:45:30.620245903,22.3,95
2024-04-22 20:38:42.204060567,22.3,95
2024-04-22 20:31:53.768390012,22.3,95
2024-04-22 20:25:05.335719642,22.3,95
2024-04-22 20:18:16.907886186,22.3,95
2024-04-22 20:11:28.481277845,22.3,95
2024-04-22 20:04:40.042587942,22.3,95
2024-04-22 19:57:51.610386075,22.3,95
2024-04-22 19:51:03.193602882,22.3,95
2024-04-22 19:44:14.777418810,22.3,95
2024-04-22 19:37:26.349216309,22.3,95
2024-04-22 19:30:37.947776165,22.3,95
2024-04-22 19:23:49.525832685,22.3,95
2024-04-22 19:17:01.097759329,22.3,95
2024-04-22 19:10:12.682220520,22.3,95
2024-04-22 19:03:24.252490860,22.3,95
2024-04-22 18:56:35.800560817,22.3,95
2024-04-22 18:49:47.370149235,22.3,95
2024-04-22 18:42:58.933555164,22.3,95
2024-04-22 18:36:10.492442789,22.2,95
2024-04-22 18:29:22.057166508,22.2,95
2024-04-22 18:22:33.598371569,22.2,95
2024-04-22 18:15:45.143628087,22.2,95
2024-04-22 18:08:56.676111656,22.2,95
2024-04-22 18:02:08.233766102,22.2,95
2024-04-22 17:55:19.762592989,22.2,95
2024-04-22 17:48:31.305677746,22.2,95
2024-04-22 17:41:42.854163702,22.2,95
2024-04-22 17:34:54.385389168,22.2,95
2024-04-22 17:28:05.906624094,22.1,95
2024-04-22 17:21:17.458871977,22.1,95
2024-04-22 17:14:28.997438139,22.1,95
2024-04-22 17:07:40.532432612,22.1,95
2024-04-22 17:00:52.062975089,22.1,95
2024-04-22 16:54:03.613340029,22.1,95
2024-04-22 16:47:15.171323407,22.1,95
2024-04-22 16:40:26.734042268,22.1,95
2024-04-22 16:33:38.282834503,22.0,95
2024-04-22 16:26:49.850132126,22.0,95
2024-04-22 16:20:01.427675052,22.0,95
2024-04-22 16:13:12.979537076,22.0,95
2024-04-22 16:06:24.536337050,21.9,94
2024-04-22 15:59:36.098832312,21.9,94
2024-04-22 15:52:47.650319308,21.9,94
2024-04-22 15:45:59.216630162,21.9,94
2024-04-22 15:39:10.770794049,21.9,94
2024-04-22 15:32:22.325261006,21.9,94
2024-04-22 15:25:33.856622248,22.0,95
2024-04-22 15:18:45.404507483,21.9,94
2024-04-22 15:11:56.934593238,21.9,94
2024-04-22 15:05:08.458403792,21.9,94
2024-04-22 14:58:19.962815925,21.8,94
2024-04-22 14:44:43.009259625,21.8,94
2024-04-22 14:37:54.557221904,21.8,94
2024-04-22 14:31:06.079676777,21.8,94
2024-04-22 14:24:17.631443799,21.8,94
2024-04-22 14:17:29.166795488,21.8,94
2024-04-22 14:10:40.706245049,21.7,94
2024-04-22 14:03:52.252098489,21.8,94
2024-04-22 13:57:03.795537588,21.8,94
2024-04-22 13:50:15.347428709,21.7,94
2024-04-22 13:43:26.888556553,21.7,94
2024-04-22 13:36:38.447671613,21.7,94
2024-04-22 13:29:49.979696504,21.7,94
2024-04-22 13:23:01.514099535,21.7,94
2024-04-22 13:16:13.041555119,21.7,94
2024-04-22 13:09:24.578793240,21.7,94
2024-04-22 13:02:36.108382846,21.7,94
2024-04-22 12:55:47.664203503,21.7,94
2024-04-22 12:48:59.236611469,21.7,94
2024-04-22 12:42:10.804824985,21.7,94
2024-04-22 12:35:22.381671501,21.7,94
2024-04-22 12:28:33.935320129,21.7,94
2024-04-22 12:21:45.514700381,21.7,94
2024-04-22 12:14:57.064943616,21.7,94
2024-04-22 12:08:08.618217152,21.7,94
2024-04-22 12:01:20.169529562,21.6,94
2024-04-22 11:54:31.733727250,21.6,94
2024-04-22 11:47:43.290226081,21.6,94
2024-04-22 11:40:54.824781707,21.5,94
2024-04-22 11:34:06.378523096,21.5,94
2024-04-22 11:27:17.921041685,21.5,94
2024-04-22 11:20:29.477714303,21.5,94
2024-04-22 11:13:41.019745407,21.4,94
2024-04-22 11:06:52.589131431,21.4,94
2024-04-22 11:00:04.160087231,21.4,94
2024-04-22 10:53:15.696031304,21.4,94
2024-04-22 10:46:27.252824923,21.4,94
2024-04-22 10:39:38.818049127,21.4,94
2024-04-22 10:32:50.375855264,21.4,94
2024-04-22 10:26:01.921456499,21.3,94
2024-04-22 10:19:13.480453062,21.3,94
2024-04-22 10:12:25.039958508,21.3,94
2024-04-22 10:05:36.593586578,21.3,94
2024-04-22 09:58:48.147589808,21.3,94
2024-04-22 09:51:59.726731023,21.3,94
2024-04-22 09:45:11.296377473,21.3,94
2024-04-22 09:38:22.877482213,21.3,94
2024-04-22 09:31:34.458681977,21.3,94
2024-04-22 09:24:46.034396423,21.3,94
2024-04-22 09:17:57.635462169,21.3,94
2024-04-22 09:11:09.237006677,21.3,94
2024-04-22 09:04:20.837047016,21.3,94
2024-04-22 08:57:32.442502599,21.3,94
2024-04-22 08:50:44.041400396,21.3,94
2024-04-22 08:43:55.658539028,21.3,94
2024-04-22 08:37:07.257005890,21.3,94
2024-04-22 08:30:18.850375834,21.4,94
2024-04-22 08:23:30.447649930,21.4,94
2024-04-22 08:16:42.023901742,21.4,94
2024-04-22 08:09:53.603888536,21.4,94
2024-04-22 08:03:05.183131394,21.4,94
2024-04-22 07:56:16.754457473,21.4,94
2024-04-22 07:49:28.337752178,21.4,94
2024-04-22 07:42:39.912929904,21.4,94
2024-04-22 07:35:51.487151309,21.4,94
2024-04-22 07:29:03.079692406,21.4,94
2024-04-22 07:22:14.659342388,21.4,94
2024-04-22 07:15:26.244537476,21.4,94
2024-04-22 07:08:37.825998615,21.4,94
2024-04-22 07:01:49.401347505,21.4,94
2024-04-22 06:55:00.993553546,21.4,94
2024-04-22 06:48:12.574756609,21.5,94
2024-04-22 06:41:24.167758995,21.5,94
2024-04-22 06:34:35.734412164,21.5,94
2024-04-22 06:27:47.321901921,21.5,94
2024-04-22 06:20:58.880884012,21.5,94
2024-04-22 06:14:10.460236565,21.5,94
2024-04-22 06:07:22.063687752,21.5,94
2024-04-22 06:00:33.599550279,21.5,94
2024-04-22 05:53:45.178472999,21.5,94
2024-04-22 05:46:56.746033207,21.5,94
2024-04-22 05:40:08.296183060,21.5,94
2024-04-22 05:33:19.848843952,21.5,94
2024-04-22 05:26:31.410724210,21.5,94
2024-04-22 05:19:42.995436825,21.5,94
2024-04-22 05:12:54.576733547,21.5,94
2024-04-22 05:06:06.156674063,21.5,94
2024-04-22 04:59:17.729185961,21.5,94
2024-04-22 04:52:29.282685955,21.5,94
2024-04-22 04:45:40.857205850,21.5,94
2024-04-22 04:38:52.446566853,21.5,94
2024-04-22 04:32:04.024585200,21.5,94
2024-04-22 04:25:15.628686302,21.5,94
2024-04-22 04:18:27.205296508,21.5,94
2024-04-22 04:11:38.785057205,21.5,94
2024-04-22 04:04:50.386702304,21.5,94
2024-04-22 03:58:01.973522952,21.5,94
2024-04-22 03:51:13.572267363,21.5,94
2024-04-22 03:44:25.146677379,21.5,94
2024-04-22 03:30:48.295150370,21.5,94
2024-04-22 03:23:59.843004058,21.5,94
2024-04-22 03:17:11.403654431,21.5,94
2024-04-22 03:10:22.964495736,21.5,94
2024-04-22 03:03:34.542835569,21.5,94
2024-04-22 02:56:46.128396612,21.5,94
2024-04-22 02:49:57.719441574,21.5,94
2024-04-22 02:36:20.896749865,21.5,94
2024-04-22 02:29:32.476333733,21.5,94
2024-04-22 02:22:44.066082765,21.5,94
2024-04-22 02:15:55.676507409,21.5,94
2024-04-22 02:09:07.256863483,21.5,94
2024-04-22 02:02:18.842296559,21.5,94
2024-04-22 01:55:30.440717786,21.5,94
2024-04-22 01:48:42.046326567,21.5,94
2024-04-22 01:41:53.627565502,21.5,94
2024-04-22 01:35:05.224605781,21.5,94
2024-04-22 01:28:16.814741263,21.5,94
2024-04-22 01:21:28.412549488,21.5,94
2024-04-22 01:14:39.988319365,21.5,94
2024-04-22 01:07:51.574502014,21.6,94
2024-04-22 01:01:03.144190352,21.6,94
2024-04-22 00:54:14.724658987,21.6,94
2024-04-22 00:47:26.292447110,21.6,94
2024-04-22 00:40:37.874240564,21.6,94
2024-04-22 00:33:49.447445006,21.6,94
2024-04-22 00:27:01.020341767,21.6,94
2024-04-22 00:20:12.577205142,21.6,94
2024-04-22 00:13:24.207570395,21.6,94
2024-04-22 00:06:35.691942719,21.6,94
2024-04-21 23:59:47.244260018,21.7,94
2024-04-21 23:52:58.798289165,21.7,94
2024-04-21 23:46:10.355591463,21.7,94
2024-04-21 23:39:21.914472815,21.7,94
2024-04-21 23:32:33.469185899,21.7,94
2024-04-21 23:25:45.026489098,21.7,94
2024-04-21 23:18:56.595352729,21.7,94
2024-04-21 23:12:08.129844449,21.7,94
2024-04-21 23:05:19.712007427,21.7,94
2024-04-21 22:58:31.270992524,21.7,94
2024-04-21 22:51:42.840005922,21.7,94
2024-04-21 22:44:54.392147288,21.7,94
2024-04-21 22:38:05.936583024,21.7,94
2024-04-21 22:31:17.481731913,21.7,94
2024-04-21 22:24:29.043505636,21.7,94
2024-04-21 22:17:40.611601138,21.7,94
2024-04-21 22:10:52.198500685,21.7,94
2024-04-21 22:04:03.747643449,21.7,94
2024-04-21 21:57:15.326426152,21.7,94
2024-04-21 21:50:26.904406140,21.8,94
2024-04-21 21:43:38.470488677,21.8,94
2024-04-21 21:36:50.017042032,21.7,94
2024-04-21 21:30:01.561398052,21.8,94
2024-04-21 21:23:13.106884932,21.8,94
2024-04-21 21:16:24.664793069,21.8,94
2024-04-21 21:09:36.210072748,21.8,94
2024-04-21 21:02:47.756046192,21.9,94
2024-04-21 20:55:59.298268144,21.9,94
2024-04-21 20:49:10.833339709,21.9,94
2024-04-21 20:42:22.378833342,21.9,94
2024-04-21 20:35:33.928370923,21.9,94
2024-04-21 20:28:45.472349587,21.9,94
2024-04-21 20:21:56.996329028,21.9,94
2024-04-21 20:15:08.530678399,21.9,94
2024-04-21 20:08:20.040391118,21.9,94
2024-04-21 20:01:31.567098127,21.9,94
2024-04-21 19:54:43.091736872,21.9,94
2024-04-21 19:47:54.618865815,21.9,94
2024-04-21 19:41:06.258499470,21.9,94
2024-04-21 19:34:17.712921101,21.9,94
2024-04-21 19:27:29.261824561,21.9,94
2024-04-21 19:20:40.824088596,21.9,94
2024-04-21 19:13:52.401020475,21.9,94
2024-04-21 19:07:03.952188447,21.9,94
2024-04-21 19:00:15.514503619,21.9,94
2024-04-21 18:53:27.078147884,21.9,94
2024-04-21 18:46:38.652520534,21.9,94
2024-04-21 18:39:50.211610733,21.9,94
2024-04-21 18:33:01.786111342,21.9,94
2024-04-21 18:26:13.358587249,21.8,94
2024-04-21 18:19:24.898570183,21.8,94
2024-04-21 18:12:36.456273090,21.8,94
2024-04-21 18:05:47.996013017,21.8,94
2024-04-21 17:58:59.558867958,21.8,94
2024-04-21 17:52:11.114203682,21.8,94
2024-04-21 17:45:22.677902817,21.8,94
2024-04-21 17:38:34.232727360,21.8,94
2024-04-21 17:31:45.785410748,21.8,94
2024-04-21 17:24:57.348239830,21.7,94
2024-04-21 17:18:08.910353478,21.8,94
2024-04-21 17:11:20.472561413,21.7,94
2024-04-21 17:04:32.042387187,21.7,94
2024-04-21 16:57:43.613051759,21.7,94
2024-04-21 16:50:55.180830857,21.7,94
2024-04-21 16:44:06.748723288,21.7,94
2024-04-21 16:37:18.306410895,21.7,94
2024-04-21 16:30:29.875870145,21.7,94
2024-04-21 16:23:41.427912229,21.7,94
2024-04-21 16:16:52.985516989,21.7,94
2024-04-21 16:10:04.551936265,21.7,94
2024-04-21 16:03:16.109335354,21.6,94
2024-04-21 15:56:27.684031299,21.6,94
2024-04-21 15:49:39.249603958,21.7,94
2024-04-21 15:42:50.807207051,21.6,94
2024-04-21 15:36:02.363636153,21.6,94
2024-04-21 15:29:13.916335543,21.6,94
2024-04-21 15:22:25.515228268,21.6,94
2024-04-21 15:15:37.089353261,21.5,94
2024-04-21 15:08:48.681602764,21.5,94
2024-04-21 15:02:00.274497339,21.5,94
2024-04-21 14:55:11.887322747,21.4,94
2024-04-21 14:48:23.465320895,21.5,94
2024-04-21 14:41:35.051981768,21.4,94
2024-04-21 14:34:46.634281426,21.4,94
2024-04-21 14:27:58.244256866,21.4,94
2024-04-21 14:21:09.835949522,21.4,94
2024-04-21 14:14:21.415390326,21.4,94
2024-04-21 14:07:32.986095340,21.3,94
2024-04-21 13:53:56.171785922,21.3,94
2024-04-21 13:47:07.765758942,21.3,94
2024-04-21 13:40:19.357876224,21.3,94
2024-04-21 13:33:30.930546538,21.3,94
2024-04-21 13:26:42.510641586,21.3,94
2024-04-21 13:19:54.107195669,21.3,94
2024-04-21 13:13:05.688785074,21.3,94
2024-04-21 13:06:17.274186795,21.3,94
2024-04-21 12:59:28.877549491,21.3,94
2024-04-21 12:52:40.472728737,21.3,94
2024-04-21 12:45:52.073684480,21.3,94
2024-04-21 12:39:03.660565953,21.3,94
2024-04-21 12:32:15.226464806,21.2,94
2024-04-21 12:25:26.791232282,21.2,94
2024-04-21 12:18:38.355045615,21.2,94
2024-04-21 12:11:49.950675628,21.2,94
2024-04-21 12:05:01.538814295,21.2,94
2024-04-21 11:58:13.134700309,21.2,94
2024-04-21 11:51:24.736332470,21.2,94
2024-04-21 11:44:36.320781458,21.2,94
2024-04-21 11:37:47.911668882,21.2,94
2024-04-21 11:30:59.518350673,21.2,94
2024-04-21 11:24:11.116872144,21.2,94
2024-04-21 11:17:22.705738934,21.2,94
2024-04-21 11:10:34.297404959,21.2,94
2024-04-21 11:03:45.903929404,21.2,94
2024-04-21 10:56:57.519044979,21.3,94
2024-04-21 10:50:09.146593925,21.3,94
2024-04-21 10:43:20.769811385,21.3,94
2024-04-21 10:36:32.407353658,21.3,94
2024-04-21 10:29:44.009916352,21.3,94
2024-04-21 10:22:55.637034862,21.3,94
2024-04-21 10:16:07.244632255,21.3,94
2024-04-21 10:09:18.833343140,21.3,94
2024-04-21 10:02:30.437182456,21.3,94
2024-04-21 09:55:42.064492858,21.3,94
2024-04-21 09:48:53.672915230,21.3,94
2024-04-21 09:42:05.279297898,21.3,94
2024-04-21 09:35:16.897500309,21.3,94
2024-04-21 09:28:28.533778123,21.3,94
2024-04-21 09:21:40.144434444,21.3,94
2024-04-21 09:14:51.744602409,21.3,94
2024-04-21 09:08:03.345610756,21.3,94
2024-04-21 09:01:14.956623131,21.3,94
2024-04-21 08:54:26.562956301,21.3,94
2024-04-21 08:47:38.191614132,21.3,94
2024-04-21 08:40:49.826815839,21.3,94
2024-04-21 08:34:01.462332932,21.3,94
2024-04-21 08:27:13.101952722,21.3,94
2024-04-21 08:20:24.732451847,21.3,94
2024-04-21 08:13:36.355628220,21.3,94
2024-04-21 08:06:47.997340267,21.4,94
2024-04-21 07:59:59.626275267,21.4,94
2024-04-21 07:53:11.263076672,21.4,94
2024-04-21 07:46:22.897333232,21.4,94
2024-04-21 07:39:34.531365605,21.4,94
2024-04-21 07:32:46.171323746,21.4,94
2024-04-21 07:25:57.783571857,21.4,94
2024-04-21 07:19:09.393601458,21.4,94
2024-04-21 07:12:21.027289837,21.4,94
2024-04-21 07:05:32.637373551,21.4,94
2024-04-21 06:58:44.229088325,21.4,94
2024-04-21 06:51:55.809709633,21.4,94
2024-04-21 06:45:07.415366474,21.4,94
2024-04-21 06:38:19.019466613,21.4,94
2024-04-21 06:31:30.604262989,21.4,94
2024-04-21 06:24:42.178916487,21.4,94
2024-04-21 06:17:53.772675810,21.4,94
2024-04-21 06:11:05.346917935,21.4,94
2024-04-21 06:04:16.929759959,21.4,94
2024-04-21 05:57:28.529212873,21.4,94
2024-04-21 05:50:40.104670763,21.4,94
2024-04-21 05:43:51.708708313,21.4,94
2024-04-21 05:37:03.296120519,21.4,94
2024-04-21 05:30:14.900120808,21.4,94
2024-04-21 05:23:26.491435256,21.4,94
2024-04-21 05:16:38.096453464,21.4,94
2024-04-21 05:09:49.674283827,21.4,94
2024-04-21 05:03:01.240790812,21.4,94
2024-04-21 04:56:12.825952008,21.4,94
2024-04-21 04:49:24.423750423,21.5,94
2024-04-21 04:42:36.094933060,21.5,94
2024-04-21 04:35:47.625984033,21.5,94
2024-04-21 04:28:59.229895784,21.5,94
2024-04-21 04:22:10.812720810,21.5,94
2024-04-21 04:15:22.415356084,21.5,94
2024-04-21 04:08:33.991187458,21.5,94
2024-04-21 04:01:45.574038219,21.5,94
2024-04-21 03:54:57.154682592,21.5,94
2024-04-21 03:48:08.759228452,21.5,94
2024-04-21 03:41:20.347421052,21.5,94
2024-04-21 03:34:31.941040097,21.5,94
2024-04-21 03:27:43.536248954,21.5,94
2024-04-21 03:20:55.104284993,21.5,94
2024-04-21 03:14:06.678837553,21.4,94
2024-04-21 03:07:18.253407387,21.4,94
2024-04-21 03:00:29.837705625,21.4,94
2024-04-21 02:53:41.441457544,21.4,94
2024-04-21 02:46:53.019628400,21.4,94
2024-04-21 02:40:04.625641036,21.4,94
2024-04-21 02:33:16.227598301,21.4,94
2024-04-21 02:26:27.817365905,21.4,94
2024-04-21 02:19:39.414118900,21.4,94
2024-04-21 02:12:50.995402191,21.4,94
2024-04-21 02:06:02.597145760,21.4,94
2024-04-21 01:59:14.193681469,21.4,94
2024-04-21 01:52:25.772877959,21.4,94
2024-04-21 01:45:37.358284007,21.4,94
2024-04-21 01:38:48.943204387,21.4,94
2024-04-21 01:32:00.529189425,21.5,94
2024-04-21 01:25:12.140502875,21.5,94
2024-04-21 01:18:23.728482090,21.5,94
2024-04-21 01:11:35.311382194,21.5,94
2024-04-21 01:04:46.897908966,21.5,94
2024-04-21 00:57:58.509145449,21.5,94
2024-04-21 00:51:10.098757127,21.5,94
2024-04-21 00:44:21.713485520,21.5,94
2024-04-21 00:37:33.323407300,21.5,94
2024-04-21 00:30:44.929515863,21.5,94
2024-04-21 00:23:56.518493614,21.5,94
2024-04-21 00:17:08.126788523,21.6,94
2024-04-21 00:10:19.718320482,21.6,94
2024-04-21 00:03:31.325472260,21.6,94
2024-04-20 23:56:42.930400044,21.6,94
2024-04-20 23:49:54.534817565,21.6,94
2024-04-20 23:43:06.124464398,21.7,94
2024-04-20 23:36:17.744881551,21.7,94
2024-04-20 23:29:29.353000571,21.7,94
2024-04-20 23:22:40.970204907,21.7,94
2024-04-20 23:15:52.581421674,21.7,94
2024-04-20 23:09:04.187730576,21.7,94
2024-04-20 23:02:15.819780774,21.7,94
2024-04-20 22:55:27.426467015,21.7,94
2024-04-20 22:48:39.039389150,21.8,94
2024-04-20 22:41:50.654500588,21.8,94
2024-04-20 22:35:02.260132763,21.8,94
2024-04-20 22:28:13.858611677,21.8,94
2024-04-20 22:21:25.448706897,21.8,94
2024-04-20 22:14:37.044951143,21.8,94
2024-04-20 22:07:48.633410150,21.8,94
2024-04-20 22:01:00.214722265,21.8,94
2024-04-20 21:54:11.795541250,21.9,94
2024-04-20 21:47:23.382425153,21.9,94
2024-04-20 21:40:34.987220283,21.9,94
2024-04-20 21:33:46.578536452,21.9,94
2024-04-20 21:26:58.134249421,21.9,94
2024-04-20 21:20:09.708963526,21.9,94
2024-04-20 21:13:21.289558487,22.0,95
2024-04-20 21:06:32.856626506,22.0,95
2024-04-20 20:59:44.406673173,22.0,95
2024-04-20 20:52:55.972711291,22.0,95
2024-04-20 20:46:07.531899120,22.0,95
2024-04-20 20:39:19.127815466,22.0,95
2024-04-20 20:32:30.638708825,22.1,95
2024-04-20 20:25:42.187658867,22.1,95
2024-04-20 20:18:53.746824830,22.1,95
2024-04-20 20:12:05.305655827,22.1,95
2024-04-20 20:05:16.867032596,22.1,95
2024-04-20 19:58:28.448690754,22.1,95
2024-04-20 19:51:39.998792715,22.1,95
2024-04-20 19:44:51.539077849,22.1,95
2024-04-20 19:38:03.089540480,22.1,95
2024-04-20 19:31:14.680725841,22.1,95
2024-04-20 19:24:26.237684789,22.1,95
2024-04-20 19:17:37.803162577,22.1,95
2024-04-20 19:10:49.350654380,22.2,95
2024-04-20 19:04:00.908495786,22.2,95
2024-04-20 18:57:12.452164234,22.2,95
2024-04-20 18:50:24.004578252,22.2,95
2024-04-20 18:43:35.535708910,22.2,95
2024-04-20 18:29:58.615211581,22.2,95
2024-04-20 18:23:10.171611367,22.2,95
2024-04-20 18:16:21.708128783,22.2,95
2024-04-20 18:09:33.253377599,22.2,95
2024-04-20 18:02:44.797644816,22.2,95
2024-04-20 17:55:56.346810165,22.2,95
2024-04-20 17:49:07.925594450,22.2,95
2024-04-20 17:42:19.495089940,22.2,95
2024-04-20 17:28:42.620991999,22.2,95
2024-04-20 17:21:54.170640328,22.2,95
2024-04-20 17:15:05.745662945,22.2,95
2024-04-20 17:08:17.310300244,22.2,95
2024-04-20 17:01:28.875417206,22.1,95
2024-04-20 16:54:40.442564410,22.1,95
2024-04-20 16:47:52.002278682,22.2,95
2024-04-20 16:41:03.552272182,22.1,95
2024-04-20 16:34:15.109538401,22.1,95
2024-04-20 16:27:26.672074727,22.1,95
2024-04-20 16:20:38.216387906,22.1,95
2024-04-20 16:13:49.755425467,22.1,95
2024-04-20 16:07:01.330195335,22.0,95
2024-04-20 16:00:12.909818801,22.0,95
2024-04-20 15:53:24.463523924,22.0,95
2024-04-20 15:46:36.032621510,22.0,95
2024-04-20 15:39:47.603154562,22.0,95
2024-04-20 15:32:59.178197203,22.0,95
2024-04-20 15:26:10.741298887,22.0,95
2024-04-20 15:19:22.296924000,22.0,95
2024-04-20 15:12:33.833079845,21.9,94
2024-04-20 15:05:45.384665368,21.9,94
2024-04-20 14:58:56.965494342,21.9,94
2024-04-20 14:52:08.536605930,21.9,94
2024-04-20 14:45:20.098855366,21.9,94
2024-04-20 14:38:31.673011410,21.8,94
2024-04-20 14:31:43.246766387,21.8,94
2024-04-20 14:24:54.819242513,21.8,94
2024-04-20 14:18:06.392849370,21.8,94
2024-04-20 14:11:17.975383543,21.8,94
2024-04-20 14:04:29.531640336,21.8,94
2024-04-20 13:57:41.117479422,21.8,94
2024-04-20 13:50:52.725646207,21.8,94
2024-04-20 13:44:04.306391965,21.8,94
2024-04-20 13:37:15.903819319,21.7,94
2024-04-20 13:30:27.492304257,21.7,94
2024-04-20 13:23:39.097556648,21.7,94
2024-04-20 13:16:50.707710609,21.7,94
2024-04-20 13:10:02.329297398,21.7,94
2024-04-20 13:03:13.950663610,21.7,94
2024-04-20 12:56:25.562286869,21.7,94
2024-04-20 12:49:37.158189016,21.7,94
2024-04-20 12:42:48.764927096,21.7,94
2024-04-20 12:36:00.373700862,21.7,94
2024-04-20 12:29:11.967945661,21.7,94
2024-04-20 12:22:23.554882959,21.7,94
