timestamp,temperature,humidity
1714663415297222143,24.9,94
1714663006889416144,24.9,94
1714662598483985526,24.9,95
1714662190064618709,24.9,95
1714661781639627002,24.9,95
1714661373228931812,24.8,95
1714660964801558010,24.8,95
1714660556386460896,24.8,95
1714660147950124893,24.8,95
1714659739520178813,24.8,95
1714659331109157263,24.8,95
1714658922675407381,24.8,95
1714658514226330327,24.8,95
1714658105776116719,24.7,95
1714657697323266695,24.7,95
1714657288884802667,24.7,95
1714656880444518466,24.7,95
1714656472010803536,24.7,95
1714656063587909776,24.7,95
1714655655177040528,24.7,95
1714655246741828814,24.7,95
1714654838319565303,24.6,95
1714654429893859835,24.6,95
1714654021473975195,24.6,95
1714653613058784401,24.6,95
1714653204641060570,24.6,95
1714652796238185572,24.6,95
1714652387840877676,24.6,95
1714651979429372211,24.6,95
1714651571015225421,24.6,95
1714651162584101990,24.5,95
1714650754165089731,24.5,95
1714650345742174917,24.5,95
1714649937347109345,24.5,95
1714649528915670937,24.5,95
1714649120481858037,24.5,95
1714648712049380911,24.5,95
1714648303636337033,24.5,95
1714647895192679061,24.5,95
1714647486755789625,24.5,95
1714647078317555509,24.5,95
1714646669893300788,24.5,95
1714646261454042419,24.5,95
1714645853013218488,24.5,95
1714645444571112955,24.5,95
1714645036154335149,24.5,95
1714644627712662418,24.5,95
1714644219282413509,24.5,95
1714643810867911738,24.5,95
1714643402423666599,24.5,95
1714642993987340453,24.5,95
1714642585557551733,24.6,95
1714642177116485689,24.6,95
1714641768676006200,24.5,95
1714641360234258421,24.5,95
1714640951800379564,24.5,95
1714640543378103809,24.5,95
1714640134979263248,24.5,95
1714639726556717443,24.5,95
1714639318155821406,24.5,95
1714638909720744244,24.5,95
1714638501304373447,24.6,95
1714638092880657287,24.6,95
1714637684445415550,24.6,95
1714637276000204829,24.6,95
1714636867579965502,24.6,95
1714636459150253431,24.6,95
1714636050720578170,24.6,95
1714635642264697782,24.6,95
1714635233844337479,24.6,95
1714634825406221907,24.6,95
1714634416994751252,24.6,95
1714634008578015265,24.6,95
1714633600170596512,24.6,95
1714633191744524852,24.6,95
1714632783322825487,24.6,95
1714632374917464062,24.6,95
1714631966513376165,24.6,95
1714631558103293734,24.6,95
1714631149694322739,24.6,95
1714630741277120655,24.6,95
1714630332864759485,24.6,95
1714629924456825025,24.6,95
1714629516044512903,24.6,95
1714629107645248746,24.6,95
1714628699264637589,24.6,95
1714628290864622539,24.6,95
1714627882463098839,24.6,95
1714627474055959940,24.6,95
1714627065652410073,24.6,95
1714626657240429825,24.6,95
1714626248813086255,24.6,95
1714625840386853198,24.6,95
1714625431989953538,24.6,95
1714625023585680816,24.6,95
1714624615174411577,24.7,95
1714624206765591017,24.7,95
1714623798351603191,24.7,95
1714622981520861726,24.7,95
1714622573098574768,24.7,95
1714622164668126127,24.7,95
1714621756253829743,24.7,95
1714621347837704076,24.6,95
1714620939428706204,24.6,95
1714620531037954001,24.6,95
1714620122622702422,24.6,95
1714619714214995080,24.6,95
1714619305831685441,24.6,95
1714618897413654603,24.6,95
1714618489024535178,24.6,95
1714618080631051700,24.6,95
1714617672203960541,24.6,95
1714617263784681911,24.6,95
1714616855366570459,24.6,95
1714616446983868385,24.6,95
1714616038564699690,24.6,95
1714615630162787909,24.6,95
1714615221790528664,24.6,95
1714614813471156875,24.6,95
1714614405016477728,24.6,95
1714613996628390783,24.6,95
1714613588223057095,24.6,95
1714613179839180972,24.6,95
1714612771462448211,24.6,95
1714612363083205739,24.6,95
1714611954689508962,24.6,95
1714611546303277789,24.6,95
1714611137930010553,24.7,95
1714610729546802381,24.7,95
1714610321165629724,24.7,95
1714609912778534374,24.7,95
1714609504366829989,24.7,95
1714609095999014115,24.7,95
1714608687638012552,24.7,95
1714608279232447182,24.7,95
1714607870868458036,24.7,95
1714607462499496063,24.7,95
1714607054137261484,24.7,95
1714606645759335761,24.7,95
1714606237388090252,24.7,95
1714605829013662107,24.7,95
1714605420626848157,24.7,95
1714605012256417304,24.7,95
1714604603896376536,24.7,95
1714604195509535259,24.7,95
1714603787125279657,24.7,95
1714603378744320592,24.7,95
1714602970350730453,24.7,95
1714602561957014748,24.7,95
1714602153562766234,24.7,95
1714601745172821518,24.7,95
1714601336771615489,24.7,95
1714600928366671627,24.7,95
1714600519967975458,24.8,95
1714600111538849709,24.8,95
1714599703136538051,24.8,95
1714599294735459953,24.7,95
1714598886345818324,24.7,95
1714598477964594006,24.7,95
1714598069575094660,24.7,95
1714597661201783186,24.7,95
1714597252818486038,24.7,95
1714596844420745649,24.8,95
1714596436013178409,24.8,95
1714596027648246345,24.8,95
1714595619252467776,24.8,95
1714595210855646753,24.8,95
1714594802478805770,24.8,95
1714594394070657403,24.8,95
1714593985684674220,24.8,95
1714593577291925590,24.8,95
1714593168899579296,24.8,95
1714592760516923866,24.8,95
1714592352139667319,24.8,95
1714591943757437071,24.8,95
1714591535357602175,24.8,95
1714591126978333019,24.8,95
1714590718607109284,24.8,95
1714590310218954020,24.8,95
1714589901847142287,24.8,95
1714589493471941273,24.8,95
1714589085096160704,24.8,95
1714588676705615306,24.8,95
1714588268298640552,24.8,95
1714587859899358594,24.8,95
1714587451508039607,24.8,95
1714587043112148322,24.8,95
1714586634732729074,24.8,95
1714586226353070520,24.8,95
1714585817966136124,24.8,95
1714585409604453595,24.8,95
1714585001231540634,24.8,95
1714584592873988136,24.8,95
1714584184490993140,24.8,95
1714583776123296920,24.8,95
1714583367759986654,24.8,95
1714582959368198018,24.7,95
1714582550971031825,24.7,95
1714582142569994255,24.7,95
1714581734350301142,24.7,95
1714581325757077886,24.7,95
1714580917578426814,24.7,95
1714580508916056423,24.7,95
1714580100950081940,24.7,95
1714579692225315208,24.7,95
1714579283657607188,24.7,95
1714578875234862568,24.7,95
1714578466804523855,24.7,95
1714578058395290746,24.7,95
1714577650003060686,24.7,95
1714577241579158475,24.6,95
1714576833181993853,24.6,95
1714576424787045936,24.6,95
1714576016369001860,24.6,95
1714575607960623251,24.6,95
1714575199541193652,24.6,95
1714574791129388112,24.6,95
1714574382717734848,24.6,95
1714573974299619306,24.5,95
1714573565881298361,24.5,95
1714573157436786877,24.5,95
1714572749015732300,24.5,95
1714572340590005002,24.5,95
1714571932172452468,24.5,95
1714571523745538128,24.5,95
1714571115327206516,24.4,95
1714570706920660084,24.4,95
1714570298504339448,24.4,95
1714569890109598776,24.4,95
1714569481672895181,24.4,95
1714569073238768824,24.4,95
1714568664818902692,24.4,95
1714568256416480304,24.4,95
1714567847990440328,24.4,95
1714567439567123831,24.4,95
1714567031154745347,24.4,95
1714566622741618406,24.4,95
1714566214286847178,24.4,95
1714565805876672149,24.3,95
1714565397442457983,24.3,95
1714564989007788733,24.3,95
1714564580567417001,24.3,95
1714564172138356448,24.3,95
1714563763705606887,24.3,95
1714563355274485505,24.2,95
1714562946813071671,24.2,95
1714562538344652158,24.2,95
1714562129903246573,24.2,95
1714561721449277722,24.2,95
1714561312995209285,24.2,95
1714560904546280125,24.2,95
1714560496104977429,24.2,95
1714560087671936630,24.2,95
1714559679248237748,24.2,95
1714559270817666378,24.2,95
1714558862379824854,24.2,95
1714558453918765601,24.2,95
1714558045470747287,24.2,95
1714557637028199921,24.2,95
1714557228567815452,24.2,95
1714556820111194845,24.2,95
1714556411656715847,24.2,95
1714556003211737767,24.2,95
1714555594769963486,24.2,95
1714555186337178976,24.2,95
1714554777882647327,24.2,95
1714554369407962191,24.2,95
1714553960973551900,24.2,95
1714553552533249830,24.2,95
1714553144099124759,24.2,95
1714552735639914801,24.2,95
1714552327181547510,24.2,95
1714551918743588539,24.2,95
1714551510281650832,24.2,95
1714551101839265104,24.2,95
1714550693397882964,24.2,95
1714550284945603672,24.3,95
1714549876512519451,24.3,95
1714549468058634235,24.3,95
1714549059618648877,24.3,95
1714548651148540082,24.3,95
1714548242711009194,24.3,95
1714547834263464398,24.3,95
1714547425810616983,24.3,95
1714547017383821828,24.3,95
1714546608939861587,24.3,95
1714546200506948960,24.3,95
1714545792069737570,24.3,95
1714545383630355139,24.3,94
1714544975178421360,24.3,94
1714544566745340640,24.3,94
1714544158308947779,24.3,94
1714543749876181722,24.3,94
1714543341443407767,24.3,94
1714542933017897151,24.3,94
1714542524579649328,24.3,94
1714542116120033566,24.3,94
1714541707670100469,24.3,94
1714541299226958125,24.2,94
1714540890777767571,24.3,94
1714540482360542873,24.2,93
1714540073923488731,24.2,93
1714539665499171121,24.2,93
1714539257072280444,24.3,93
1714538848644679451,24.3,93
1714538440300955312,24.3,93
1714538031766533735,24.3,93
1714537623345998809,24.3,93
1714537214907649409,24.3,93
1714536806441231770,24.3,93
1714536398005533354,24.2,93
1714535989580623151,24.2,93
1714535581128379467,24.2,93
1714535172712493548,24.2,93
1714534764308596301,24.2,93
1714534355871178136,24.2,93
1714533947439909263,24.2,93
1714533538997611630,24.2,93
1714533130568888278,24.2,93
1714532722141341923,24.2,93
1714532313725802193,24.2,93
1714531905304177674,24.2,93
1714531496892540625,24.2,93
1714531088476770883,24.2,93
1714530680042189287,24.2,93
1714530271631527438,24.2,93
1714529863176860979,24.2,93
1714529454750786649,24.2,93
1714529046396061918,24.2,93
1714528637882575896,24.2,93
1714528229455503994,24.2,93
1714527820999022601,24.2,94
1714527412560012608,24.2,94
1714527004147111112,24.2,94
1714526595714650906,24.2,94
1714526187305779592,24.3,94
1714525778889674596,24.3,94
1714525370481771276,24.3,94
1714524962085179611,24.3,95
1714524553674148993,24.3,95
1714524145237824275,24.3,95
1714523736813965543,24.4,95
1714523328381629030,24.4,95
1714522919965248931,24.4,95
1714522511560638733,24.4,95
1714522103138490150,24.4,95
1714521694736052833,24.4,95
1714521286305493998,24.4,95
1714520877875846415,24.4,95
1714520469439135781,24.4,95
1714520061020822113,24.4,95
1714519652613362672,24.4,95
1714519244164708694,24.4,95
1714518835712853833,24.4,95
1714518427248105014,24.4,95
1714518018806665113,24.4,95
1714517610345084289,24.4,95
1714517201886153967,24.4,95
1714516793434747832,24.4,95
1714516384988945733,24.4,95
1714515976548673525,24.4,95
1714515568115014404,24.4,95
1714515159668375943,24.4,95
1714514751229103143,24.4,94
1714514342781809808,0.0,0
1714513934340760232,24.4,94
1714513525908654581,24.4,94
1714513117466331628,24.4,95
1714512709047400846,24.4,94
1714512300621388075,24.4,94
1714511892263511488,24.4,94
1714511483789720953,24.5,94
1714511075348699814,24.5,94
1714510666905164787,24.5,95
1714510258464127617,24.5,95
1714509850032314929,24.5,95
1714509441599377358,24.5,95
1714509033155918411,24.5,95
1714508624758491385,24.5,95
1714508216292108293,24.5,95
1714507399405315658,24.5,94
1714506990964009371,24.5,94
1714506582500174313,24.5,94
1714506174035387862,24.5,94
1714505765574679460,24.5,94
1714505357113620718,24.5,93
1714504948643644205,24.5,93
1714504540181002989,24.5,95
1714504131719897707,24.5,95
1714503723242410901,24.5,95
1714503314768947802,24.5,95
1714502906323615802,24.5,95
1714502497829016674,24.5,95
1714502089358890814,24.5,95
1714501680902692228,24.5,95
1714501272418659898,24.5,95
1714500863940467925,24.5,95
1714500455460561249,24.5,95
1714500046983989512,24.5,95
1714499638511740267,24.5,95
1714499230044040998,24.5,95
1714498821566867605,24.5,95
1714498413088629911,24.5,95
1714498004615227431,24.5,95
1714497596132704153,24.5,95
1714497187645466323,24.5,95
1714496779169011893,24.5,95
1714496370688106269,24.5,95
1714495962233865160,24.5,95
1714495553775790494,24.5,95
1714495145317216546,24.5,95
1714494736841885968,24.5,95
1714494328383291605,24.5,95
1714493919930180952,24.5,95
1714493511473256819,24.5,95
1714493103024767095,24.5,95
1714492694580057397,24.5,95
1714492286131527430,24.5,95
1714491877666479230,24.5,95
1714491469210544806,24.4,95
1714491060758457437,24.4,95
1714490652298987337,24.4,95
1714490243842940899,24.4,95
1714489835375902935,24.4,95
1714489426892679857,24.4,95
1714489018417214186,24.4,95
1714488609937500685,24.4,95
1714488201448777417,24.4,95
1714487792947162729,24.3,95
1714487384462144681,24.3,95
1714486975993106605,24.3,95
1714486567510782471,24.2,95
1714486159036271816,24.2,95
1714485750571852340,24.2,95
1714485342117843586,24.2,95
1714484933659456140,24.2,95
1714484525196187406,24.2,95
1714484116735403333,24.2,95
1714483708277075722,24.2,95
1714482891356617266,24.2,95
1714482074450690199,24.1,95
1714481665983578303,24.1,95
1714481257511764851,24.1,95
1714480849051136819,24.1,95
1714480440587755320,24.1,95
1714480032142829757,24.1,95
1714479623699842155,24.1,95
1714479215217904038,24.1,95
1714478806763973486,24.1,95
1714478398295706029,24.1,95
1714477989830699550,24.1,95
1714477581348659176,24.1,95
1714477172870222415,24.1,95
1714476764372961019,24.1,95
1714476355880573105,24.0,95
1714475947387042952,24.0,95
1714475130414554101,24.0,95
1714474721923777659,24.0,95
1714474313427146753,24.0,95
1714473904933303895,24.0,95
1714473496403335066,24.0,95
1714473087891200915,24.0,95
1714472679382860903,24.0,95
1714472270890127419,24.0,95
1714471862392904099,24.0,95
1714471453881424730,24.0,95
1714471045381331599,24.0,95
1714470636894259416,24.0,95
1714470228388864563,24.0,95
1714469819887568818,24.1,95
1714469411403184409,24.0,95
1714469002897043020,24.1,95
1714468594398267592,24.1,95
1714468185895004067,24.1,95
1714467777405847207,24.1,95
1714467368908371809,24.1,95
1714466960411911419,24.1,95
1714466551922181262,24.1,95
1714466143414080970,24.1,95
1714465734918565169,24.1,95
1714465326408979926,24.1,95
1714464917923412253,24.1,95
1714464509419609963,24.1,95
1714464100913409039,24.1,95
1714463692430593492,24.1,95
1714463283946150230,24.1,95
1714462875466894853,24.1,95
1714462466981719562,24.1,95
1714462058511772309,24.1,95
1714461650040039418,24.1,95
1714461241587558471,24.1,95
1714460833127650244,24.1,95
1714460424668639125,24.1,95
1714460016213311073,24.1,95
1714459607750442712,24.1,95
1714459199265577646,24.1,95
1714458790803742989,24.1,95
1714458382351216783,24.1,95
1714457973906790921,24.1,95
1714457565446935863,24.1,95
1714457156994499931,24.1,95
1714456748551606412,24.1,95
1714456340097472256,24.1,95
1714455931640742379,24.1,95
1714455523185170287,24.1,95
1714455114735250554,24.1,95
1714454706266788413,24.1,95
1714454297790219695,24.1,95
1714453889312658668,24.1,95
1714453480837673036,24.1,95
1714453072381113773,24.1,95
1714452663903057966,24.2,95
1714452255424011151,24.2,95
1714451846973214345,24.2,95
1714451438495580384,24.2,95
1714451030028690616,24.2,95
1714450621565766955,24.2,95
1714450213103505313,24.2,95
1714449804633556298,24.2,95
1714449396161520776,24.2,95
1714448987703048188,24.2,95
1714448579232926063,24.2,95
1714448170786876842,24.2,95
1714447762298978622,24.2,95
1714447353834714444,24.2,95
1714446945381802232,24.2,95
1714446536937734364,24.1,95
1714446128489955565,24.1,95
1714445720037796867,24.1,95
1714445311576646227,24.1,95
1714444903116393930,24.1,95
1714444494628474886,24.1,95
1714444086155665691,24.1,95
1714443677673280485,24.1,95
1714443269184624190,24.1,95
1714442860713137331,24.1,95
1714442452226860278,24.1,95
1714442043758234159,24.1,95
1714441635280885641,24.1,95
1714441226801501492,24.1,95
1714440818305980154,24.1,95
1714440409869665600,24.2,95
1714440001369187469,24.1,95
1714439592901890705,24.1,95
1714439184441733176,24.1,95
1714438775955474378,24.2,95
1714438367459439494,24.2,95
1714437958992342082,24.2,95
1714437550514865739,24.2,95
1714437142063429451,24.2,95
1714436733588310018,24.2,95
1714436325114999236,24.2,95
1714435916653580695,24.2,95
1714435508201001773,24.2,95
1714435099738382572,24.2,95
1714434691276066153,24.2,95
1714434282819582342,24.2,95
1714433874436294592,24.2,95
1714433465900421254,24.2,95
1714433057437679899,24.2,95
1714432648985416326,24.2,95
1714432240514622958,24.2,95
1714431832066989196,24.2,95
1714431423575513384,24.2,95
1714431015118426335,24.3,95
1714430606644334982,24.2,95
1714430198191887794,24.3,95
1714429789688504222,24.3,95
1714429381212568629,24.3,95
1714428972722463958,24.3,95
1714428564253802747,24.2,95
1714428155769519945,24.2,95
1714427747282875704,24.3,95
1714427338796447627,24.3,95
1714426930326545050,24.3,95
1714426521844209031,24.3,95
1714425704941653807,24.3,95
1714425296463297071,24.3,95
1714424887990658240,24.3,95
1714424479524031696,24.3,95
1714424071073092714,24.3,95
1714423662619806800,24.2,95
1714423254148934092,24.3,95
1714422845678035526,24.2,95
1714422437191741806,24.2,95
1714422028699967463,24.2,95
1714421620194487106,24.2,95
1714421211694116147,24.3,95
1714420803351715427,24.3,95
1714420394723459324,24.3,95
1714419986242143746,24.4,95
1714419577764558717,24.4,95
1714419169304330580,24.4,95
1714418760827450149,24.4,95
1714417943902306638,24.4,95
1714417535440756562,24.4,95
1714417126982815652,24.3,95
1714416718533655926,24.4,95
1714416310081049869,24.4,95
1714415901619971470,24.4,95
1714415493164107680,24.4,95
1714415084696933484,24.3,95
1714414676219609719,24.3,95
1714414267765532926,24.3,95
1714413859296429730,24.3,95
1714413450850250175,24.2,95
1714413042388831958,24.2,95
1714412633952918211,24.2,95
1714412225502105416,24.2,95
1714411817043842318,24.2,95
1714411408568994559,24.2,95
1714411000104655776,24.2,95
1714410591638564946,24.2,95
1714410183173000564,24.2,95
1714409774707177093,24.1,95
1714409366235642175,24.1,95
1714408957759200814,24.1,95
1714408549287964036,24.1,95
1714408140804026651,24.1,95
1714407732339650686,24.0,95
1714407323869053094,24.0,95
1714406915393911694,24.0,95
1714406506939640585,24.0,95
1714406098474310819,24.0,95
1714405690027692769,24.0,95
1714405281553281386,24.0,95
1714404873091615015,24.0,95
1714404464616382341,23.9,95
1714404056137178835,23.9,95
1714403647664692765,23.9,95
1714402830726501801,23.9,95
1714402422255779183,23.8,95
1714402013768574356,23.8,95
1714401605291896618,23.8,95
1714401196813493234,23.8,95
1714400788345297725,23.8,95
1714400379874644582,23.7,95
1714399971405118061,23.7,95
1714399562931942359,23.7,95
1714399154446364625,23.7,95
1714398745958387231,23.7,95
1714398337476599208,23.7,95
1714397928999149897,23.7,95
1714397520531121675,23.7,95
1714397112043599579,23.7,95
1714396703524480306,23.7,95
1714396295038389211,23.7,95
1714395886535884578,23.7,95
1714395478037380731,23.7,95
1714395069551271996,23.7,95
1714394661055747106,23.7,95
1714394252554305755,23.7,95
1714393844042879675,23.7,95
1714393435533407217,23.7,95
1714393027028607742,23.7,95
1714392618508742223,23.7,95
1714392210007145180,23.7,95
1714391801504075425,23.7,95
1714391393008190990,23.7,95
1714390984540607596,23.7,95
1714390576051658448,23.7,95
1714390167571122778,23.7,95
1714389759074834128,23.7,95
1714389350588118350,23.7,95
1714388942104136251,23.6,95
1714388533613903522,23.6,95
1714388125119151934,23.6,95
1714387716626620241,23.7,95
1714387308141071139,23.7,95
1714386899651885706,23.6,95
1714386491173443223,23.6,95
1714386082689209495,23.6,95
1714385674197580912,23.6,95
1714385265725322236,23.6,95
1714384857241137279,23.6,95
1714384448744386235,23.6,95
1714384040232861575,23.6,95
1714383631741540165,23.6,95
1714383223254372100,23.6,95
1714382814764677421,23.6,95
1714382406295968450,23.6,95
1714381997806296783,23.6,95
1714381589309825008,23.6,95
1714381180819770339,23.6,95
1714380772333872159,23.6,95
1714380363836216008,23.6,95
1714379955315391971,23.6,95
1714379546819159054,23.6,95
1714379138311764369,23.6,95
1714378729823665177,23.6,95
1714378321319056315,23.7,95
1714377912820034630,23.6,95
1714377504321067662,23.6,95
1714377095806133054,23.7,95
1714376687291756752,23.7,95
1714376278791066959,23.6,95
1714375870286970898,23.6,95
1714375461796859837,23.6,95
1714375053336500566,23.7,95
1714374644877442334,23.7,95
1714374236436480266,23.7,95
1714373827978416299,23.7,95
1714373419525636187,23.7,95
1714373011171655507,23.7,95
1714372602610412927,23.7,95
1714372194139545501,23.6,95
1714371785675718467,23.7,95
1714371377193245974,23.7,95
1714370968727258453,23.7,95
1714370560266509410,23.6,95
1714370151789411013,23.7,95
1714369743319847049,23.7,95
1714369334845524755,23.7,95
1714368926375499354,23.6,95
1714368517917714559,23.7,95
1714368109460663166,23.7,95
1714367700996582646,23.7,95
1714367292533711517,23.7,95
1714366884055635822,23.7,95
1714366475589948459,23.7,95
1714366067126878372,23.7,95
1714365658643242388,23.7,95
1714365250185047263,23.7,95
1714364841724620694,23.7,95
1714364433277498639,23.7,95
1714364024818235271,23.7,95
1714363616356597502,23.7,95
1714363207881626407,23.7,95
1714362799421628617,23.7,95
1714362390954074683,23.7,95
1714361982477227660,23.7,95
1714361574013813865,23.7,95
1714361165567209012,23.7,95
1714360757113146030,23.7,95
1714360348661860221,23.7,95
1714359940200831672,23.7,95
1714359531745317846,23.7,95
1714359123253098645,23.7,95
1714358714783938213,23.7,95
1714358306295832158,23.7,95
1714357897815641376,23.7,95
1714357489335116317,23.7,95
1714357080848371503,23.7,95
1714356672366171585,23.7,95
1714356263881074185,23.7,95
1714355855405243659,23.8,95
1714355446889414785,23.8,95
1714355038406419437,23.8,95
1714354629932381338,23.8,95
1714353812947013389,23.8,95
1714353404457174194,23.8,95
1714352995953755483,23.8,95
1714352587438583611,23.8,95
1714352178934822176,23.8,95
1714351770411832120,23.8,95
1714351361893326675,23.8,95
1714350953395983540,23.8,95
1714350544884831648,23.8,95
1714350136381412569,23.8,95
1714349727891866956,23.9,95
1714349319397117823,23.8,95
1714348910922515125,23.8,95
1714348502427288234,23.9,95
1714348093934377805,23.9,95
1714347685451549637,23.9,95
1714347277007054008,23.8,95
1714346868553160877,23.9,95
1714346460084392451,23.9,95
1714346051649041155,23.9,95
1714345643191815901,23.9,95
1714345234728067361,23.9,95
1714344826264109060,23.9,95
1714344417783542785,23.9,95
1714344009294983304,23.9,95
1714343600822706180,23.9,95
1714343192323607977,24.0,95
1714342783855222767,24.0,95
1714342375365751589,24.0,95
1714341966889732191,24.0,95
1714341558387848709,24.0,95
1714341149917337733,24.0,95
1714340741404397898,24.0,95
1714340332921919630,24.1,95
1714339924425751559,24.1,95
1714339515922157341,24.1,95
1714339107434852468,24.1,95
1714338698937103164,24.1,95
1714338290461377517,24.1,95
1714337881975398188,24.1,95
1714337473509548457,24.1,95
1714337065028620230,24.2,95
1714336656549138315,24.2,95
1714336248092206830,24.2,95
1714335839610179521,24.2,95
1714335431122210395,0.0,0
1714335022642364833,24.2,95
1714334614169624932,24.2,95
1714334205697086820,24.2,95
1714333797206351845,24.2,95
1714333388712289788,24.2,95
1714332980224121366,24.2,95
1714332571707047328,24.2,95
1714332163199057245,24.2,95
1714331754711067181,24.2,95
1714331346214885730,24.2,95
1714330937747351900,24.2,95
1714330529254980814,24.2,95
1714330120781622959,24.2,95
1714329712288897445,24.2,95
1714329303810736954,24.2,95
1714328895314546919,24.2,95
1714328486827870138,24.2,95
1714328078339434743,24.1,95
1714327669832749074,24.1,95
1714327261340734890,24.1,95
1714326852852217125,24.1,95
1714326444365179149,24.1,95
1714326035886129694,24.1,95
1714325627398037530,24.1,95
1714325218893986292,24.1,95
1714324810403759741,24.1,95
1714324401898661802,24.1,95
1714323993407344600,24.1,95
1714323584881308448,24.1,95
1714323176372680189,24.0,95
1714322767897057481,24.0,95
1714322359417492783,24.0,95
1714321950938742014,24.0,95
1714321542443681131,24.0,95
1714321133956017007,24.0,95
1714320725482904758,24.0,95
1714320317000641338,24.0,95
1714319908509217412,24.0,95
1714319500012157824,24.0,95
1714319091504809289,23.9,95
1714318682991924198,23.9,95
1714318274485785112,23.9,95
1714317865998815398,23.9,95
1714317457501877531,23.9,95
1714317048991466736,23.9,95
1714316640502245056,23.9,95
1714316231976891807,23.9,95
1714315823473398031,23.8,95
1714315414979306591,23.8,95
1714315006480304570,23.8,95
1714314597997848466,23.8,95
1714314189508588807,23.8,95
1714313781002469107,23.8,95
1714313372503932717,23.8,95
1714312964005929525,23.8,95
1714312555527135124,23.7,95
1714312147022637138,23.7,95
1714311738527143360,23.7,95
1714311330054154282,23.7,95
1714310921561757789,23.7,95
1714310513085973778,23.7,95
1714310104595331067,23.7,95
1714309696112475294,23.7,95
1714309287619588496,23.7,95
1714308879126749101,23.7,95
1714308470646133365,23.7,95
1714308062151247958,23.7,95
1714307653668140029,23.7,95
1714307245174679289,23.6,95
1714306836716899861,23.6,95
1714306428243700447,23.6,95
1714306019804627601,23.6,95
1714305611305113100,23.6,95
1714305202821999565,23.6,95
1714304794330422604,23.6,95
1714304385874185894,23.6,95
1714303977398953994,23.6,95
1714303568923800089,23.6,95
1714303160435847516,23.6,95
1714302751944183820,23.6,95
1714302343482507255,23.6,95
1714301935009871798,23.6,95
1714301526529676739,23.6,95
1714301118062842329,23.6,95
1714300709589917859,23.6,95
1714300301127167724,23.6,95
1714299892656185395,23.6,95
1714299484183748571,23.6,95
1714299075690654407,23.6,95
1714298667212119068,23.6,95
1714298258718388194,23.6,95
1714297850225497152,23.6,95
1714297441713497155,23.6,95
1714297033213757668,23.6,95
1714296624695809579,23.6,95
1714296216191108008,23.6,95
1714295807679194908,23.6,95
1714295399185016543,23.6,95
1714294990691965619,23.6,95
1714294582192965986,23.6,95
1714294173702978469,23.6,95
1714293765194614141,23.6,95
1714293356673935978,23.6,95
1714292948174444692,23.6,95
1714292539684309895,23.6,95
1714292131191888379,23.7,95
1714291722699922087,23.7,95
1714291314204322156,23.7,95
1714290905705454932,23.7,95
1714290497202656899,23.7,95
1714290088696618632,23.7,95
1714289680197406692,23.7,95
1714289271684257244,23.7,95
1714288863189555325,23.7,95
1714288454696238835,0.0,0
1714288046202791111,23.7,95
1714287637705340389,23.7,95
1714287229232865101,23.7,95
1714286820757629693,23.7,95
1714286412295047861,23.7,95
1714286003813777554,23.7,95
1714285595330214981,23.7,95
1714285186836396637,23.7,95
1714284778332332643,23.7,95
1714284369844196228,23.7,95
1714283961334588531,23.7,95
1714283552843148157,23.7,95
1714283144335818280,23.7,95
1714282735820308278,23.7,95
1714282327320058351,23.7,95
1714281918819457923,23.7,95
1714281510337816567,23.7,95
1714281101871264775,0.0,0
1714280693381479374,23.7,95
1714280284890166255,23.7,95
1714279876422860904,23.7,95
1714279467968179631,23.7,95
1714279059504893498,23.7,95
1714278651056234331,23.7,95
1714278242633534204,23.7,95
1714277834179099727,23.7,95
1714277425732558299,23.7,95
1714277017273281170,23.7,95
1714276608788809247,23.7,95
1714276200333040359,23.7,95
1714275791853583118,23.7,95
1714275383372532247,23.7,95
1714274974914038531,23.7,95
1714274566444229570,23.7,95
1714274157977886408,23.6,95
1714273749511719120,23.6,95
1714273341048517607,23.6,95
1714272932578987603,23.6,95
1714272524100837949,23.6,95
1714272115644333833,23.7,95
1714271707168403463,23.6,95
1714271298711377065,23.6,95
1714270890243918930,0.0,0
1714270481773241489,23.7,95
1714270073303831328,23.7,95
1714269664834870435,23.7,95
1714269256378851658,23.7,95
1714268847938496448,23.7,95
1714268439412965128,23.7,95
1714268030914125936,23.7,95
1714267622429159648,23.7,95
1714267213924828922,23.7,95
1714266805414050261,23.7,95
1714266396896035645,23.7,95
1714265988384482239,23.7,95
1714265579891078400,23.7,95
1714265171401717183,23.7,95
1714264762908506149,23.7,95
1714264354413874099,23.7,95
1714263945920109197,23.7,95
1714263537439621360,23.7,95
1714263128972271542,23.7,95
1714262720509652223,23.7,95
1714262312034490353,23.7,95
1714261903560658584,23.7,95
1714261495074430004,23.7,95
1714261086597367120,23.7,95
1714260678114324246,23.7,95
1714260269639947450,23.7,95
1714259861162072433,23.7,95
1714259452666754624,23.7,95
1714259044187991979,23.7,95
1714258635716650872,23.7,95
1714258227244663358,23.7,95
1714257818785101704,23.7,95
1714257410323051494,23.7,95
1714257001861644552,23.7,95
1714256593401414239,23.8,95
1714256184925398094,23.7,95
1714255776452169736,23.7,95
1714255367976680005,23.8,95
1714254959494135396,23.7,95
1714254551026735639,23.7,95
1714254142558378837,23.7,95
1714253734082315864,23.8,95
1714253325597810888,23.8,95
1714252917124776233,23.8,95
1714252508644432005,23.8,95
1714252100171715161,23.8,95
1714251691696756975,23.8,95
1714251283209240673,23.8,95
1714250874737914484,23.8,95
1714250466261624098,23.8,95
1714250057796271274,23.8,95
1714249649325991995,23.8,95
1714249240870116905,23.8,95
1714248832422435496,23.8,95
1714248423944127013,23.8,95
1714248015482775824,23.8,95
1714247607012842361,23.8,95
1714247198556323888,23.8,95
1714246790113940437,23.8,95
1714246381662211806,23.8,95
1714245973206690002,23.8,95
1714245564735847772,23.8,95
1714245156286700713,23.8,95
1714244747842993921,23.8,95
1714244339391553428,23.8,95
1714243930926451821,23.8,95
1714243522459675027,23.8,95
1714243113998193325,23.8,95
1714242705535352604,23.8,95
1714242297077400058,23.8,95
1714241888627592986,23.8,95
1714241480166765915,23.8,95
1714241071688656085,23.8,95
1714240663188934618,23.8,95
1714240254718432841,23.7,95
1714239846228191031,23.7,95
1714239437765451744,23.7,95
1714239029296157712,23.7,95
1714238620798896859,23.7,95
1714238212331618241,23.7,95
1714237803845157018,23.7,95
1714237395365765120,23.7,95
1714236986894092241,23.7,95
1714236578408582302,23.7,95
1714236169934259946,23.7,95
1714235761462100967,23.7,95
1714235352981879913,23.6,95
1714234944483222111,23.6,95
1714234535995254345,23.6,95
1714234127508909145,23.6,95
1714233719026480809,23.6,95
1714233310554569578,23.6,95
1714232902073861903,23.5,95
1714232493583284634,23.5,95
1714232085092423380,23.5,95
1714231676588719296,23.5,95
1714231268090908502,23.5,95
1714230859594607980,23.5,95
1714230451111881146,23.5,95
1714230042633143026,23.4,95
1714229634141700681,23.4,95
1714229225640200758,23.3,95
1714228817129665478,23.3,95
1714228408643560981,23.3,95
1714228000144642014,23.3,95
1714227591647317924,23.3,95
1714227183166545503,23.3,95
1714226774709637428,23.3,95
1714226366206728669,23.3,95
1714225957697850880,23.3,95
1714225549202300200,23.3,95
1714225140712147731,23.3,95
1714224732227301916,23.3,95
1714224323734265265,23.3,95
1714223915259264066,23.2,95
1714223506755136432,23.2,95
1714223098276248051,23.2,95
1714222689797886749,23.2,95
1714222281299991007,23.2,95
1714221872804900987,23.2,95
1714221464295459096,23.2,95
1714221055803076934,23.2,95
1714220647315706938,23.2,95
1714220238801174297,23.2,95
1714219830318833067,23.2,95
1714219421833601175,23.1,95
1714219013330771434,23.1,95
1714218604827253224,23.1,95
1714218196332807319,23.1,95
1714217787830869319,23.1,95
1714217379330168999,23.1,95
1714216970839928124,23.1,95
1714216562377159891,23.1,95
1714216153882418893,23.1,95
1714215745371095293,0.0,0
1714215336874588454,23.0,95
1714214928373122654,23.0,95
1714214519886296298,23.0,95
1714214111410307467,23.0,95
1714213702906642760,23.0,95
1714213294399911080,23.0,95
1714212885922102918,23.0,95
1714212477437977035,23.0,95
1714212068946994786,23.0,95
1714211660485733027,23.0,95
1714211252048879399,23.1,95
1714210843528389284,23.1,95
1714210435045494135,23.1,95
1714210026544962752,23.1,95
1714209618052178269,23.1,95
1714209209543966993,23.1,95
1714208801039226286,23.1,95
1714208392552679976,23.1,95
1714207984047578837,23.1,95
1714207575547247077,23.1,95
1714207167040514378,23.1,95
1714206758518811917,23.1,95
1714206350024973068,23.1,95
1714205941553187499,23.1,95
1714205533085095411,23.1,95
1714205124612669124,23.1,95
1714204716136189053,23.1,95
1714204307668043791,23.1,95
1714203899213017954,23.1,95
1714203490743877411,23.1,95
1714203082271857960,23.1,95
1714202673789449252,23.1,95
1714202265315489892,23.1,95
1714201856836217719,23.1,95
1714201448345109594,23.1,95
1714201039852959495,23.1,95
1714200631380669153,23.1,95
1714200222932492204,23.1,95
1714199814350754943,23.1,95
1714199405850639749,23.1,95
1714198997358581048,23.1,95
1714198588847826773,23.1,95
1714198180347572720,23.1,95
1714197771851638191,23.1,95
1714197363381025938,23.1,95
1714196954892792651,23.1,95
1714196546411214474,23.1,95
1714196137930693398,23.1,95
1714195729461207393,23.1,95
1714195320965545831,23.1,95
1714194912486389749,23.1,95
1714194503989416931,23.1,95
1714194095504331555,23.1,95
1714193687000547313,23.2,95
1714193278507046632,23.1,95
1714192869991085201,23.1,95
1714192461488988463,23.1,95
1714192053000936838,23.1,95
1714191644509792984,23.1,95
1714191236013331708,23.1,95
1714190827518147349,23.1,95
1714190419041650760,23.1,95
1714190010564607235,23.1,95
1714189602081123047,23.1,95
1714189193589941172,23.1,95
1714188785099960261,23.1,95
1714188376614374699,23.1,95
1714187968144429945,23.1,95
1714187559665797806,23.1,95
1714187151235349725,23.1,95
1714186742696776823,23.1,95
1714186334220839603,23.1,95
1714185925756919276,23.0,95
1714185517276502685,23.0,95
1714185108798410615,23.0,95
1714184700350729915,23.0,95
1714184291868842111,23.1,95
1714183883403863961,23.1,95
1714183474929175642,23.1,95
1714183066455151383,23.1,95
1714182657975604860,23.1,95
1714182249522767116,23.1,95
1714181841052177182,23.1,95
1714181432581248383,23.1,95
1714181024111428928,23.1,95
1714180615643922507,23.1,95
1714180207165219197,23.1,95
1714179798668602509,23.1,95
1714179390177391338,23.1,95
1714178981707920851,23.1,95
1714178573208092598,23.1,95
1714178164723561947,23.1,95
1714177756213671974,23.1,95
1714177347720407855,23.1,95
1714176939241004506,23.1,95
1714176530739428169,23.1,95
1714176122261606657,23.1,95
1714175713767831452,23.1,95
1714175305278247394,23.1,95
1714174896789151259,23.1,95
1714174488305406805,23.1,95
1714174079830754319,23.1,95
1714173671354982506,23.1,95
1714173262875040762,23.1,95
1714172854406904883,23.1,95
1714172445936327493,23.1,95
1714172037456554696,23.1,95
1714171628986878818,23.2,95
1714171220510796480,23.2,95
1714170812027772814,23.2,95
1714170403531993328,23.2,95
1714169995031872458,23.2,95
1714169586572094099,23.2,95
1714169178094602944,23.2,95
1714168769620138349,23.2,95
1714168361131458734,23.2,95
1714167952616646061,23.2,95
1714167544131495586,23.2,95
1714167135656147777,23.2,95
1714166727190011689,23.2,95
1714166318721997319,23.2,95
1714165910235875783,23.3,95
1714165501776348512,23.3,95
1714165093303328906,23.3,95
1714164684805511774,23.3,95
1714164276320831205,23.3,95
1714163867830888114,23.3,95
1714163459323717862,23.3,95
1714163050808236909,23.3,95
1714162642298792916,23.3,95
1714162233811164648,23.4,95
1714161825323858958,23.4,95
1714161416827388415,23.4,95
1714161008334185188,23.4,95
1714160599937956703,23.4,95
1714160191348443483,23.4,95
1714159782876272600,23.5,95
1714159374391813506,23.4,95
1714158965909399092,23.5,95
1714158557424379209,23.5,95
1714158148933758136,23.5,95
1714157740462942932,23.5,95
1714157331960181386,23.5,95
1714156923482632080,23.5,95
1714156514995457903,23.5,95
1714156106523031450,23.5,95
1714155698044012810,23.5,95
1714155289569082761,23.5,95
1714154881065784593,23.5,95
1714154472587778745,23.5,95
1714154064123908018,23.5,95
1714153655649603044,23.5,95
1714153247191493180,23.5,95
1714152838750268294,23.4,95
1714152430305378176,23.4,95
1714152021841977310,23.4,95
1714151613381540366,23.4,95
1714151204930542974,23.4,95
1714150796466726957,23.4,95
1714150388006687792,23.4,95
1714149979550676026,23.4,95
1714149571087662512,23.3,95
1714149162608213702,23.3,95
1714148754138941252,23.3,95
1714148345656075703,23.3,95
1714147937183062967,23.3,95
1714147528703937662,23.3,95
1714147120239706025,23.2,95
1714146711763392899,23.2,95
1714146303276339995,23.2,95
1714145894791608958,23.2,95
1714145486316225139,23.2,95
1714145077831674425,23.2,95
1714144669353952238,23.2,95
1714144260887658933,23.2,95
1714143443955577609,23.1,95
1714143035492560029,23.1,95
1714142627023605525,23.1,95
1714142218560030567,23.1,95
1714141810096726180,23.1,95
1714141401632456001,23.1,95
1714140993194894033,23.1,95
1714140584758556808,23.1,95
1714140176299915958,23.1,95
1714139767865417105,23.1,95
1714139359414958405,23.0,95
1714138950954906168,23.0,95
1714138542490038258,23.0,95
1714138134035348787,23.0,95
1714137725591940165,23.0,95
1714137317134343954,23.0,95
1714136908700777201,23.0,95
1714136500244038561,23.1,95
1714136091784787468,23.0,95
1714135683330886935,23.1,95
1714135274867437871,23.0,95
1714134866390627292,23.0,95
1714134457927916315,23.0,95
1714134049463607345,23.0,95
1714133641002433323,23.0,95
1714133232551389151,23.0,95
1714132824078925793,23.0,95
1714132415625003788,23.0,95
1714132007163455732,23.0,95
1714131598702258587,23.0,95
1714131190257061168,23.0,95
1714130781791941531,23.0,95
1714130373326611957,22.9,95
1714129964882087459,22.9,95
1714129556432568561,22.9,95
1714129147967374837,22.9,95
1714128739488081314,22.9,95
1714128331016961746,22.9,95
1714127922553313352,22.9,95
1714127514048663302,22.9,95
1714127105581884299,22.9,95
1714126697088387673,23.0,95
1714126288618925132,23.0,95
1714125880141492245,23.0,95
1714125471675280111,23.0,95
1714125063218428962,23.0,95
1714124654738263405,23.0,95
1714124246287572745,23.0,95
1714123837832983453,23.0,95
1714123429390636081,22.9,95
1714123020911708697,23.0,95
1714122612431606454,23.0,95
1714122203962409251,23.0,95
1714121795484844079,23.0,95
1714121387023820949,23.0,95
1714120978565885119,23.0,95
1714120570074261800,23.0,95
1714120161602671004,23.0,95
1714119753135018883,23.0,95
1714119344681334883,23.0,95
1714118936205928765,23.0,95
1714118527723185538,23.0,95
1714118119268670393,23.0,95
1714117710805571828,23.0,95
1714117302343749578,23.0,95
1714116893875656401,23.0,95
1714116485427269762,23.0,95
1714116076973321740,23.0,95
1714115668532404106,23.0,95
1714115260062577070,23.0,95
1714114851612128346,23.0,95
1714114443173888927,23.0,95
1714114034719593158,23.0,95
1714113626291677108,23.0,95
1714113217849588825,23.0,95
1714112809375691378,23.0,95
1714112400926266920,23.0,95
1714111992488129387,23.0,95
1714111584038219757,23.0,95
1714111175590421978,23.0,95
1714110767129115461,23.0,95
1714110358675420294,23.0,95
1714109950213773280,23.0,95
1714109133319530304,23.0,95
1714108724858664936,23.0,95
1714108316432438813,23.0,95
1714107907945371272,23.1,95
1714107499488877669,23.1,95
1714107091010210676,23.1,95
1714106682536167220,23.1,95
1714106274074813644,23.1,95
1714105865616941880,23.1,95
1714105457163166753,23.1,95
1714105048690907011,23.1,95
1714104640213056904,23.1,95
1714104231751454848,23.1,95
1714103823288058954,23.1,95
1714103414824275688,23.1,95
1714103006369356469,23.1,95
1714102597917523418,23.1,95
1714102189470666859,23.1,95
1714101781007692643,23.1,95
1714101372545438110,23.1,95
1714100964118247197,23.1,95
1714100555668669137,23.1,95
1714100147224846864,23.1,95
1714099738784151637,23.0,95
1714099330323576268,23.0,95
1714098921874688457,23.0,95
1714098513416183095,0.0,0
1714098104961883486,23.0,95
1714097696496576488,23.0,95
1714097288040733093,23.1,95
1714096879585217832,23.1,95
1714096471101681096,23.1,95
1714096062666342471,23.1,95
1714095654217236849,23.1,95
1714095245768486974,23.1,95
1714094428866188050,23.1,95
1714094020410286763,23.1,95
1714093611952326600,23.1,95
1714093203503921253,23.1,95
1714092795064560581,23.1,95
1714092386584892328,23.1,95
1714091978142237746,23.1,95
1714091569712656412,23.1,95
1714091161286411234,23.1,95
1714090752930641635,23.1,95
1714090344390901914,23.1,95
1714089935943928672,23.1,95
1714089527488462470,23.1,95
1714089119033646878,23.2,95
1714088710592042867,23.2,95
1714088302155239677,23.2,95
1714087893727423348,23.2,95
1714087485297431521,23.2,95
1714087076860580885,23.2,95
1714086668437994702,23.2,95
1714086259994538564,23.2,95
1714085851546550972,23.2,95
1714085443114042062,23.2,95
1714085034634359010,23.2,95
1714084626191229030,23.2,95
1714084217749651070,23.3,95
1714083400843570871,23.3,95
1714082992373214523,23.3,95
1714082583916679073,23.3,95
1714082175481583319,23.3,95
1714081767047223248,23.3,95
1714080950152130844,23.3,95
1714080541710675209,23.3,95
1714080133377786530,23.3,95
1714079724845826039,23.3,95
1714079316380972827,23.3,95
1714078907917564755,23.4,95
1714078499459717698,23.4,95
1714078091015410448,23.4,95
1714077682551454435,23.4,95
1714077274099634371,23.4,95
1714076865656676019,23.4,95
1714076457220061716,23.4,95
1714076048779815012,23.4,95
1714075640340704539,23.5,95
1714075231908848253,23.5,95
1714074823464509294,23.5,95
1714074415027581761,23.5,95
1714074006578304736,23.5,95
1714073598140021544,23.5,95
1714073189686332686,23.5,95
1714072781254006312,23.5,95
1714072372822274607,23.5,95
1714071964399653893,23.5,95
1714071555953279763,23.6,95
1714071147515355549,23.6,95
1714070739080025876,23.6,95
1714070330646576293,23.6,95
1714069922185721979,23.6,95
1714069513743344025,23.6,95
1714069105316788820,23.6,95
1714068696878980586,23.6,95
1714068288426811480,23.6,95
1714067879978941623,23.6,95
1714067471534531793,23.6,95
1714067063162574830,23.6,95
1714066654649514125,23.6,95
1714066246202221983,23.6,95
1714065837751480068,23.6,95
1714065429307824735,23.7,95
1714065020843543021,23.6,95
1714064612391970083,23.6,95
1714064203962543791,23.6,95
1714063795517630891,23.6,95
1714063387063853095,23.6,95
1714062978614246656,23.6,95
1714062570158542257,23.6,95
1714062161708321712,23.6,95
1714061753251879565,23.6,95
1714061344782853954,23.6,95
1714060936329434340,23.6,95
1714060527880959973,23.6,95
1714060119414136844,23.6,95
1714059710956088391,23.6,95
1714059302512591970,23.5,95
1714058894053653401,23.5,95
1714058485588230830,23.5,95
1714058077146132714,23.5,95
1714057668688752632,23.5,95
1714057260208866561,23.5,95
1714056851737836139,23.4,95
1714056443263288332,23.4,95
1714056034785495110,23.4,95
1714055626320551567,23.4,95
1714055217868892162,23.4,95
1714054809401414457,23.4,95
1714054400937224117,23.4,95
1714053992472775658,23.4,95
1714053175551966195,23.4,95
1714052767092755491,23.4,95
1714052358639143531,23.4,95
1714051950171185258,23.4,95
1714051541697452805,23.4,95
1714051133244837381,23.4,95
1714050724815637981,23.4,95
1714050316355303309,23.4,95
1714049907904291409,23.4,95
1714049499457705023,23.4,95
1714049090982579771,23.4,95
1714048682519996456,23.3,95
1714048274076098211,23.3,95
1714047865648244930,23.4,95
1714047457202721672,23.3,95
1714047048756844374,23.3,95
1714046640294362101,23.3,95
1714046231839240384,23.3,95
1714045823393261899,23.3,95
1714045414968559833,23.3,95
1714045006511829272,23.3,95
1714044598008213950,23.3,95
1714044189512941137,23.2,95
1714043781032457959,23.2,95
1714043372532858164,23.2,95
1714042964040858545,23.2,95
1714042555556089094,23.2,95
1714042147111834627,23.2,95
1714041738650966141,23.2,95
1714041330188560117,23.2,95
1714040921850576272,23.2,95
1714040513242889174,23.2,95
1714040104805088090,23.2,95
1714039696407609185,23.2,95
1714039287873812661,23.2,95
1714038879425023253,23.2,95
1714038470997385113,23.2,95
1714038062541339086,23.2,95
1714037654096817819,23.2,95
1714037245668595598,23.2,95
1714036837231832154,23.2,95
1714036428786017913,23.2,95
1714036020339460141,23.2,95
1714035611902175540,23.2,95
1714035203483133341,23.2,95
1714034795034754547,23.2,95
1714034386595857052,23.2,95
1714033978149849534,23.3,95
1714033569687057187,23.2,95
1714033161266289866,23.2,95
1714032752837471059,23.2,95
1714032344398667304,23.3,95
1714031935954066317,23.2,95
1714031527533139555,23.2,95
1714031119103448235,23.2,95
1714030710680814203,23.2,95
1714030302247621493,23.2,95
1714029893810072506,23.2,95
1714029485358157891,23.2,95
1714028668450566039,23.2,95
1714028260024105363,23.2,95
1714027851580770855,23.2,95
1714027443152407064,23.2,95
1714027034719612467,23.2,95
1714026626256464611,23.3,95
1714026217812023241,23.3,95
1714025809379901120,23.3,95
1714025400927002542,23.2,95
1714024992487324045,23.2,95
1714024584069752938,23.2,95
1714024175613920440,23.2,95
1714023767181522370,23.2,95
1714023358759981538,23.2,95
1714022950327529051,23.2,95
1714022541911508381,23.2,95
1714022133459864374,23.2,95
1714021725024178531,23.2,95
1714021316584628139,23.2,95
1714020908154497202,23.2,95
1714020499720737858,23.2,95
1714020091270942538,23.2,95
1714019682811336518,23.2,95
1714019274366416763,23.2,95
1714018865898819044,23.2,95
1714018457438553574,23.2,95
1714018049001393109,23.2,95
1714017640547187844,23.2,95
1714017232086729415,23.2,95
1714016823648407723,23.2,95
1714016415224676428,23.2,95
1714016006790994220,23.2,95
1714015598349505426,23.2,95
1714015189910129458,23.2,95
1714014781466350859,23.2,95
1714014373050321453,23.2,95
1714013964606634121,23.2,95
1714013556180344714,23.2,95
1714013147755143346,23.1,95
1714012739317004006,23.1,95
1714012330877679902,23.1,95
1714011922434081539,23.2,95
1714011513984896661,23.2,95
1714011105548070131,23.2,95
1714010697117080923,23.2,95
1714010288672817240,23.2,95
1714009880224852718,23.2,95
1714009471781623425,23.2,95
1714009063330535545,23.2,95
1714008655051983750,23.3,95
1714008246421777703,23.3,95
1714007837988735633,23.3,95
1714007429534512704,23.3,95
1714007021079035644,23.3,95
1714006612656187405,23.3,95
1714006204215488315,23.3,95
1714005795764755326,23.3,95
1714005387353573615,23.4,95
1714004978902506088,23.4,95
1714004570490840742,23.4,95
1714004162064915174,23.5,95
1714003753638632618,23.5,95
1714003345192479295,23.5,95
1714002936762264044,23.5,95
1714002528330914452,23.5,95
1714002119866709000,23.5,95
1714001711671688659,23.5,95
1714001302993895926,23.5,95
1714000894537253734,23.5,95
1714000486104735326,23.6,95
1714000077659352534,23.5,95
1713999669187751666,23.6,95
1713999260727214960,23.6,95
1713998852257525927,23.6,95
1713998443828618286,23.6,95
1713998035370003114,23.6,95
1713997626943584016,23.6,95
1713997218515819190,23.6,95
1713996810078194067,23.6,95
1713996401603425370,23.6,95
1713995993152205143,23.6,95
1713995584715276492,23.7,95
1713995176353572641,23.7,95
1713994767827720043,23.7,95
1713994359367076166,23.7,95
1713993950925103862,23.7,95
1713993542464305668,23.7,95
1713993134006647871,23.7,95
1713992725544471999,23.7,95
1713992317107048999,23.7,95
1713991908664552079,23.7,95
1713991500192736259,23.7,95
1713991091735184271,23.7,95
1713990683274479716,23.7,95
1713990274834268798,23.7,95
1713989866389255305,23.7,95
1713989457942715786,23.7,95
1713989049481459862,23.7,95
1713988641028733723,23.7,95
1713988232590945048,23.7,95
1713987824133260963,23.7,95
1713987415673748961,23.7,95
1713987007210372672,23.7,95
1713986598748453056,23.7,95
1713986190303246589,23.7,95
1713985781864196334,23.7,95
1713985373442088538,23.7,95
1713984964978356254,23.7,95
1713984556525276726,23.7,95
1713984148082137370,23.7,95
1713983739632405505,23.7,95
1713983331181452368,23.7,95
1713982922721166643,23.7,95
1713982514283857790,23.7,95
1713982105853422379,23.7,95
1713981697413489354,23.7,95
1713981288984046410,23.7,95
1713980880549154623,23.7,95
1713980472117563972,23.7,95
1713980066604068142,23.7,95
1713980063674529330,23.7,95
1713979655256992743,23.7,95
1713979246826950607,23.6,95
1713978838424628956,23.6,95
1713978430007388395,23.6,95
1713978021558302397,23.6,95
1713977613119272249,23.6,95
1713977204699290114,23.6,95
1713976796271130135,23.6,95
1713976387843665538,23.6,95
1713975979409670574,23.5,95
1713975570986912483,23.5,95
1713975162638070606,23.5,95
1713974754078189949,23.5,95
1713974345614253371,23.5,95
1713973937146139592,23.4,95
1713973528688804897,23.4,95
1713973120214397502,23.4,95
1713972711764622957,23.3,95
1713972303304167763,23.3,95
1713971894837265034,23.3,95
1713971486392647754,23.3,95
1713971077949456362,23.3,95
1713970669493599729,23.3,95
1713970261059637634,23.3,95
1713969852621181229,23.3,95
1713969444190580549,23.2,95
1713969035748703313,23.2,95
1713968627306501211,23.2,95
1713968218881906293,23.2,95
1713967810466027551,23.2,95
1713967402047635072,23.2,95
1713966993601168990,23.2,95
1713966585149846010,23.1,95
1713966176686065851,23.1,95
1713965768214708767,23.2,95
1713965359745923279,23.1,95
1713964951273362361,23.1,95
1713964542821808260,23.1,95
1713964134370779699,23.1,95
1713963725924464559,23.1,95
1713963317483419653,23.1,95
1713962909042354020,23.0,95
1713962500584498206,23.0,95
1713962092135988160,23.0,95
1713961683678610605,23.0,95
1713961275243950958,23.0,95
1713960866778126292,23.0,95
1713960458324889725,23.0,95
1713960052791601915,23.0,95
1713960049858465801,23.0,95
1713959641404093927,23.0,95
1713959232957313530,23.0,95
1713958824517232036,22.9,95
1713958416076812669,23.0,95
1713958007631125959,23.0,95
1713957599185120849,22.9,95
1713957190741157082,22.9,95
1713956782283955711,0.0,0
1713956373845587223,22.8,95
1713955965396631813,22.9,95
1713955556950021580,22.9,95
1713955148488612247,22.9,95
1713954740043756642,22.8,95
1713954331588766112,22.8,95
1713953923132775691,22.8,95
1713953514709694783,22.8,95
1713953106239072103,22.8,95
1713952697801696629,22.8,95
1713952289349413280,22.8,95
1713951880920934254,22.8,95
1713951472478266955,22.8,95
1713951064044722328,22.8,95
1713950655600600873,22.8,95
1713950247174677312,22.9,95
1713949838735703622,22.8,95
1713949430302499183,22.9,95
1713949021858129722,22.8,95
1713948613399912972,22.9,95
1713948204939119914,22.9,95
1713947796488637737,22.9,95
1713947388052182454,22.9,95
1713946979620819865,22.9,95
1713946571198656523,22.9,95
1713946162787932971,23.0,95
1713945754364680194,22.9,95
1713945345938503299,22.9,95
1713944937511740440,22.9,95
1713944529121677967,0.0,0
1713944120640325941,23.0,95
1713943712212392206,22.9,95
1713943303771344600,22.9,95
1713942895316825051,22.9,95
1713942486869731358,22.9,95
1713942078434652870,22.9,95
1713941669981397989,22.9,95
1713941261529369226,22.9,95
1713940853112386739,22.9,95
1713940444656704296,23.0,95
1713940036200075267,23.0,95
1713939627760745195,23.0,95
1713939219309766367,23.0,95
1713938810876999453,23.0,95
1713938402425098017,23.0,95
1713937993987741479,22.9,95
1713937585553496869,23.0,95
1713937177112065346,22.9,95
1713936768676826452,23.0,95
1713936360239202818,22.9,95
1713935951815872444,23.0,95
1713935543391545597,23.0,95
1713935134971021854,23.0,95
1713934726533153047,23.0,95
1713934318101385056,23.0,95
1713933909664380359,23.0,95
1713933501233786655,23.0,95
1713933092790746108,23.0,95
1713932684336073488,23.0,95
1713932275882997883,23.0,95
1713931867436748515,23.0,95
1713931458970813112,23.0,95
1713931050520794653,23.0,95
1713930642060977789,23.0,95
1713930233618848178,23.0,95
1713929825136334975,23.0,95
1713929416677250618,23.0,95
1713929008220384167,0.0,0
1713928599753766661,23.0,95
1713928191293602512,23.0,95
1713927782821927326,23.0,95
1713927374359160489,22.9,95
1713926965912362443,22.9,95
1713926557462611986,22.9,95
1713926149024706974,22.9,95
1713925740579764715,22.9,95
1713925332145817530,22.9,95
1713924923691376065,22.9,95
1713924515253023119,22.9,95
1713924106779993895,22.9,95
1713923698340716100,22.9,95
1713923289867477631,22.9,95
1713922881421192420,22.9,95
1713922472982003538,22.8,95
1713922064534374219,22.8,95
1713921656090963051,22.8,95
1713921247627205473,22.7,95
1713920839187858665,22.4,95
1713920430732289532,22.2,95
1713920022298245356,22.7,95
1713919613844213237,22.7,95
1713919205420779887,22.5,95
1713918796991376005,22.7,95
1713918388557707640,22.7,95
1713917980104458354,22.5,95
1713917571686510732,22.3,95
1713917163235423891,22.7,95
1713916754771847201,22.7,95
1713916346337967106,22.7,95
1713915937901022394,22.8,95
1713915529455413193,22.7,95
1713915121011076602,22.7,95
1713914712553329907,23.0,95
1713914304122386878,23.1,95
1713913895648864714,23.2,95
1713913487197959880,23.2,95
1713913078787030572,23.2,95
1713912670336993126,23.2,95
1713912261912902092,23.2,95
1713911853475816482,23.2,95
1713911445054502015,23.2,95
1713911036619361587,23.3,95
1713910628181225112,23.3,94
1713910219752159640,23.3,95
1713909811303362047,23.4,94
1713909402875269106,23.4,94
1713908994444223121,23.4,93
1713908586015909130,23.4,93
1713908177587328815,23.4,92
1713907769174774507,23.4,92
1713907360763478873,23.4,93
1713906952347513317,23.4,91
1713906543935302012,23.4,91
1713906135515371896,23.3,90
1713905727058695722,23.3,89
1713905318633330375,0.0,0
1713904910206775456,23.3,88
1713904501790093145,23.3,87
1713904093359351774,23.4,88
1713903684928949036,23.4,87
1713903276507958435,23.3,86
1713902868111644722,23.3,86
1713902459716480871,23.3,85
1713902051301318416,23.3,85
1713901642885409792,23.2,85
1713901234456743496,23.2,85
1713900826031483703,23.2,85
1713900417595508120,23.3,86
1713900009169388306,23.3,86
1713899600730639421,23.4,86
1713899192297421335,23.3,86
1713898783857099171,23.3,86
1713898375418368985,23.3,86
1713897966977603297,23.3,86
1713897558554871920,23.3,86
1713897150117749141,23.3,86
1713896741678810800,23.3,85
1713896333235767461,23.3,85
1713895924787618366,23.3,85
1713895516337845236,23.3,85
1713895107904431612,23.3,85
1713894699467560490,23.3,85
1713894291024553549,23.3,84
1713893882559444839,23.3,85
1713893474100949622,23.3,85
1713893065641498403,23.3,85
1713892657190214693,23.3,85
1713892248746887633,23.3,85
1713891840313531891,23.4,84
1713891431890143188,23.3,86
1713891023441424235,23.4,86
1713890614999523968,23.4,86
1713890206569107964,23.3,86
1713889798143103416,23.3,87
1713889389694514164,23.3,87
1713888981242583918,23.3,88
1713888572784009833,23.3,88
1713888164330983083,23.3,89
1713887755877214206,23.3,89
1713887347429362692,23.2,89
1713886938967175930,23.2,89
1713886530520977331,23.2,89
1713886122091829897,23.2,90
1713885713616936153,23.2,90
1713885305170068273,23.2,90
1713884896729535287,23.2,90
1713884488259050303,23.2,91
1713884079817228053,23.1,91
1713883671389105180,23.1,92
1713883262942390753,23.1,92
1713882854503739922,23.0,93
1713882446072049396,22.9,94
1713882037622028901,22.9,95
1713881629192132608,22.9,95
1713881220761761097,22.9,95
1713880812324840973,22.8,95
1713880403893715502,22.8,95
1713879995446965494,22.7,95
1713879587000264362,22.7,95
1713879178546801807,22.6,95
1713878770106196653,22.6,95
1713878361664200284,22.6,95
1713877544781463770,22.4,95
1713877136327458780,22.4,95
1713876727892153407,22.3,95
1713876319444446330,22.3,95
1713875911012076007,22.3,95
1713875502566297897,22.4,95
1713875094116946936,22.4,95
1713874685669020628,22.4,95
1713874277217747589,22.4,95
1713873868755584681,22.4,95
1713873460286660039,22.3,95
1713873051839403682,22.3,95
1713872643388436473,22.3,95
1713872234938676356,22.3,95
1713871826498748376,22.3,95
1713871418052940151,22.2,95
1713871009618125307,22.2,95
1713870601176707798,22.2,95
1713870192748073324,22.2,95
1713869784331976302,22.2,95
1713869375905462372,22.1,95
1713868967479388145,22.1,95
1713868559043266589,22.1,95
1713868150626423622,22.1,95
1713867742207495007,22.1,95
1713867333800591005,22.1,95
1713866925369293400,22.1,95
1713866517007160004,22.1,95
1713866108526009150,22.1,95
1713865700114012179,22.2,95
1713865291699505608,22.1,95
1713864883266905238,22.2,95
1713864474851642482,22.2,95
1713864066396629088,22.1,95
1713863657939977837,22.2,95
1713863249479626341,22.2,95
1713862841015463720,22.1,95
1713862432576706416,22.1,95
1713862024118288662,22.1,95
1713861615684651430,22.2,95
1713861207243877436,22.2,95
1713860798802770629,22.1,95
1713860390353299729,22.2,95
1713859981904180994,22.2,95
1713859573464162272,22.2,95
1713859165029052771,22.2,95
1713858756575047077,22.2,95
1713858348134592122,22.2,95
1713857939723755840,22.2,95
1713857531299427590,22.2,95
1713857122873000661,22.2,95
1713856714449752163,22.2,95
1713856306014070129,22.2,95
1713855897574421206,22.2,95
1713855489149827615,22.2,95
1713855080714958890,22.2,95
1713854672281878935,22.2,95
1713854263837992139,22.2,95
1713853855394968824,22.2,95
1713853446947598507,22.2,95
1713853038523088391,22.2,95
1713852630080662667,22.2,95
1713852221643618529,22.2,95
1713851813207802960,22.2,95
1713851404782598136,22.2,95
1713850996346447677,22.2,95
1713850587920464431,22.2,95
1713850179520012879,22.2,95
1713849771102508227,22.2,95
1713849362693712788,22.2,95
1713848954255320466,22.2,95
1713848545836449754,22.2,95
1713848137400822036,22.2,95
1713847728963449127,22.2,95
1713847320634844174,22.2,95
1713846912141341230,22.2,95
1713846503727631424,22.2,95
1713846095287908233,22.2,95
1713845686843276921,22.2,95
1713845278417328293,22.2,95
1713844870000516920,22.2,95
1713844461567792611,22.2,95
1713844053160498917,22.2,95
1713843644755243542,22.2,95
1713843236338589836,22.2,95
1713842827937711712,22.2,95
1713842419549006278,22.2,95
1713842011162405574,22.2,95
1713841602768439023,22.2,95
1713841194368617545,22.2,95
1713840785974475273,22.2,95
1713840377563219132,22.2,95
1713839969184401234,22.1,95
1713839560747593109,22.2,95
1713839152338139878,22.2,95
1713838743920918748,22.2,95
1713838335499796209,22.2,95
1713837927067611428,22.2,95
1713837518613377330,22.2,95
1713837110176219757,22.2,95
1713836701737116443,22.2,95
1713836293297464743,22.2,95
1713835884860081775,22.2,95
1713835476418155472,22.2,95
1713835067961560434,22.2,95
1713834659508556366,22.2,95
1713834251061046990,22.2,95
1713833842597727725,22.2,95
1713833434143602236,22.2,95
1713833025705209805,22.2,95
1713832617282503748,22.2,95
1713832208821970420,22.2,95
1713831800392055267,22.2,95
1713831391969080626,22.2,95
1713830983524256677,22.2,95
1713830575083246024,22.3,95
1713830166666871410,22.2,95
1713829758229791007,22.3,95
1713829349816132562,22.3,95
1713828941396517511,22.2,95
1713828532989097504,22.2,95
1713828124583993166,22.3,95
1713827716163264335,22.3,95
1713827307744130885,22.3,95
1713826899327832145,22.3,95
1713826490914132924,22.3,95
1713826082487640112,22.3,95
1713825674061084459,22.4,95
1713825265619285712,22.4,95
1713824857189055261,0.0,0
1713824448758935052,22.4,95
1713823631870019950,22.4,95
1713823223436182021,22.4,95
1713822814991022810,22.4,95
1713822406539891660,22.4,95
1713821998090233098,22.4,95
1713821589649680759,22.4,95
1713821181215059537,22.4,95
1713820772790487615,22.3,95
1713820364354751208,22.3,95
1713819955914972534,22.3,95
1713819547510103433,22.3,95
1713819139065633307,22.3,95
1713818730620245903,22.3,95
1713818322204060567,22.3,95
1713817913768390012,22.3,95
1713817505335719642,22.3,95
1713817096907886186,22.3,95
1713816688481277845,22.3,95
1713816280042587942,22.3,95
1713815871610386075,22.3,95
1713815463193602882,22.3,95
1713815054777418810,22.3,95
1713814646349216309,22.3,95
1713814237947776165,22.3,95
1713813829525832685,22.3,95
1713813421097759329,22.3,95
1713813012682220520,22.3,95
1713812604252490860,22.3,95
1713812195800560817,22.3,95
1713811787370149235,22.3,95
1713811378933555164,22.3,95
1713810970492442789,22.2,95
1713810562057166508,22.2,95
1713810153598371569,22.2,95
1713809745143628087,22.2,95
1713809336676111656,22.2,95
1713808928233766102,22.2,95
1713808519762592989,22.2,95
1713808111305677746,22.2,95
1713807702854163702,22.2,95
1713807294385389168,22.2,95
1713806885906624094,22.1,95
1713806477458871977,22.1,95
1713806068997438139,22.1,95
1713805660532432612,22.1,95
1713805252062975089,22.1,95
1713804843613340029,22.1,95
1713804435171323407,22.1,95
1713804026734042268,22.1,95
1713803618282834503,22.0,95
1713803209850132126,22.0,95
1713802801427675052,22.0,95
1713802392979537076,22.0,95
1713801984536337050,21.9,94
1713801576098832312,21.9,94
1713801167650319308,21.9,94
1713800759216630162,21.9,94
1713800350770794049,21.9,94
1713799942325261006,21.9,94
1713799533856622248,22.0,95
1713799125404507483,21.9,94
1713798716934593238,21.9,94
1713798308458403792,21.9,94
1713797899962815925,21.8,94
1713797083009259625,21.8,94
1713796674557221904,21.8,94
1713796266079676777,21.8,94
1713795857631443799,21.8,94
1713795449166795488,21.8,94
1713795040706245049,21.7,94
1713794632252098489,21.8,94
1713794223795537588,21.8,94
1713793815347428709,21.7,94
1713793406888556553,21.7,94
1713792998447671613,21.7,94
1713792589979696504,21.7,94
1713792181514099535,21.7,94
1713791773041555119,21.7,94
1713791364578793240,21.7,94
1713790956108382846,21.7,94
1713790547664203503,21.7,94
1713790139236611469,21.7,94
1713789730804824985,21.7,94
1713789322381671501,21.7,94
1713788913935320129,21.7,94
1713788505514700381,21.7,94
1713788097064943616,21.7,94
1713787688618217152,21.7,94
1713787280169529562,21.6,94
1713786871733727250,21.6,94
1713786463290226081,21.6,94
1713786054824781707,21.5,94
1713785646378523096,21.5,94
1713785237921041685,21.5,94
1713784829477714303,21.5,94
1713784421019745407,21.4,94
1713784012589131431,21.4,94
1713783604160087231,21.4,94
1713783195696031304,21.4,94
1713782787252824923,21.4,94
1713782378818049127,21.4,94
1713781970375855264,21.4,94
1713781561921456499,21.3,94
1713781153480453062,21.3,94
1713780745039958508,21.3,94
1713780336593586578,21.3,94
1713779928147589808,21.3,94
1713779519726731023,21.3,94
1713779111296377473,21.3,94
1713778702877482213,21.3,94
1713778294458681977,21.3,94
1713777886034396423,21.3,94
1713777477635462169,21.3,94
1713777069237006677,21.3,94
1713776660837047016,21.3,94
1713776252442502599,21.3,94
1713775844041400396,21.3,94
1713775435658539028,21.3,94
1713775027257005890,21.3,94
1713774618850375834,21.4,94
1713774210447649930,21.4,94
1713773802023901742,21.4,94
1713773393603888536,21.4,94
1713772985183131394,21.4,94
1713772576754457473,21.4,94
1713772168337752178,21.4,94
1713771759912929904,21.4,94
1713771351487151309,21.4,94
1713770943079692406,21.4,94
1713770534659342388,21.4,94
1713770126244537476,21.4,94
1713769717825998615,21.4,94
1713769309401347505,21.4,94
1713768900993553546,21.4,94
1713768492574756609,21.5,94
1713768084167758995,21.5,94
1713767675734412164,21.5,94
1713767267321901921,21.5,94
1713766858880884012,21.5,94
1713766450460236565,21.5,94
1713766042063687752,21.5,94
1713765633599550279,21.5,94
1713765225178472999,21.5,94
1713764816746033207,21.5,94
1713764408296183060,21.5,94
1713763999848843952,21.5,94
1713763591410724210,21.5,94
1713763182995436825,21.5,94
1713762774576733547,21.5,94
1713762366156674063,21.5,94
1713761957729185961,21.5,94
1713761549282685955,21.5,94
1713761140857205850,21.5,94
1713760732446566853,21.5,94
1713760324024585200,21.5,94
1713759915628686302,21.5,94
1713759507205296508,21.5,94
1713759098785057205,21.5,94
1713758690386702304,21.5,94
1713758281973522952,21.5,94
1713757873572267363,21.5,94
1713757465146677379,21.5,94
1713756648295150370,21.5,94
1713756239843004058,21.5,94
1713755831403654431,21.5,94
1713755422964495736,21.5,94
1713755014542835569,21.5,94
1713754606128396612,21.5,94
1713754197719441574,21.5,94
1713753789308917944,0.0,0
1713753380896749865,21.5,94
1713752972476333733,21.5,94
1713752564066082765,21.5,94
1713752155676507409,21.5,94
1713751747256863483,21.5,94
1713751338842296559,21.5,94
1713750930440717786,21.5,94
1713750522046326567,21.5,94
1713750113627565502,21.5,94
1713749705224605781,21.5,94
1713749296814741263,21.5,94
1713748888412549488,21.5,94
1713748479988319365,21.5,94
1713748071574502014,21.6,94
1713747663144190352,21.6,94
1713747254724658987,21.6,94
1713746846292447110,21.6,94
1713746437874240564,21.6,94
1713746029447445006,21.6,94
1713745621020341767,21.6,94
1713745212577205142,21.6,94
1713744804207570395,21.6,94
1713744395691942719,21.6,94
1713743987244260018,21.7,94
1713743578798289165,21.7,94
1713743170355591463,21.7,94
1713742761914472815,21.7,94
1713742353469185899,21.7,94
1713741945026489098,21.7,94
1713741536595352729,21.7,94
1713741128129844449,21.7,94
1713740719712007427,21.7,94
1713740311270992524,21.7,94
1713739902840005922,21.7,94
1713739494392147288,21.7,94
1713739085936583024,21.7,94
1713738677481731913,21.7,94
1713738269043505636,21.7,94
1713737860611601138,21.7,94
1713737452198500685,21.7,94
1713737043747643449,21.7,94
1713736635326426152,21.7,94
1713736226904406140,21.8,94
1713735818470488677,21.8,94
1713735410017042032,21.7,94
1713735001561398052,21.8,94
1713734593106884932,21.8,94
1713734184664793069,21.8,94
1713733776210072748,21.8,94
1713733367756046192,21.9,94
1713732959298268144,21.9,94
1713732550833339709,21.9,94
1713732142378833342,21.9,94
1713731733928370923,21.9,94
1713731325472349587,21.9,94
1713730916996329028,21.9,94
1713730508530678399,21.9,94
1713730100040391118,21.9,94
1713729691567098127,21.9,94
1713729283091736872,21.9,94
1713728874618865815,21.9,94
1713728466258499470,21.9,94
1713728057712921101,21.9,94
1713727649261824561,21.9,94
1713727240824088596,21.9,94
1713726832401020475,21.9,94
1713726423952188447,21.9,94
1713726015514503619,21.9,94
1713725607078147884,21.9,94
1713725198652520534,21.9,94
1713724790211610733,21.9,94
1713724381786111342,21.9,94
1713723973358587249,21.8,94
1713723564898570183,21.8,94
1713723156456273090,21.8,94
1713722747996013017,21.8,94
1713722339558867958,21.8,94
1713721931114203682,21.8,94
1713721522677902817,21.8,94
1713721114232727360,21.8,94
1713720705785410748,21.8,94
1713720297348239830,21.7,94
1713719888910353478,21.8,94
1713719480472561413,21.7,94
1713719072042387187,21.7,94
1713718663613051759,21.7,94
1713718255180830857,21.7,94
1713717846748723288,21.7,94
1713717438306410895,21.7,94
1713717029875870145,21.7,94
1713716621427912229,21.7,94
1713716212985516989,21.7,94
1713715804551936265,21.7,94
1713715396109335354,21.6,94
1713714987684031299,21.6,94
1713714579249603958,21.7,94
1713714170807207051,21.6,94
1713713762363636153,21.6,94
1713713353916335543,21.6,94
1713712945515228268,21.6,94
1713712537089353261,21.5,94
1713712128681602764,21.5,94
1713711720274497339,21.5,94
1713711311887322747,21.4,94
1713710903465320895,21.5,94
1713710495051981768,21.4,94
1713710086634281426,21.4,94
1713709678244256866,21.4,94
1713709269835949522,21.4,94
1713708861415390326,21.4,94
1713708452986095340,21.3,94
1713707636171785922,21.3,94
1713707227765758942,21.3,94
1713706819357876224,21.3,94
1713706410930546538,21.3,94
1713706002510641586,21.3,94
1713705594107195669,21.3,94
1713705185688785074,21.3,94
1713704777274186795,21.3,94
1713704368877549491,21.3,94
1713703960472728737,21.3,94
1713703552073684480,21.3,94
1713703143660565953,21.3,94
1713702735226464806,21.2,94
1713702326791232282,21.2,94
1713701918355045615,21.2,94
1713701509950675628,21.2,94
1713701101538814295,21.2,94
1713700693134700309,21.2,94
1713700284736332470,21.2,94
1713699876320781458,21.2,94
1713699467911668882,21.2,94
1713699059518350673,21.2,94
1713698651116872144,21.2,94
1713698242705738934,21.2,94
1713697834297404959,21.2,94
1713697425903929404,21.2,94
1713697017519044979,21.3,94
1713696609146593925,21.3,94
1713696200769811385,21.3,94
1713695792407353658,21.3,94
1713695384009916352,21.3,94
1713694975637034862,21.3,94
1713694567244632255,21.3,94
1713694158833343140,21.3,94
1713693750437182456,21.3,94
1713693342064492858,21.3,94
1713692933672915230,21.3,94
1713692525279297898,21.3,94
1713692116897500309,21.3,94
1713691708533778123,21.3,94
1713691300144434444,21.3,94
1713690891744602409,21.3,94
1713690483345610756,21.3,94
1713690074956623131,21.3,94
1713689666562956301,21.3,94
1713689258191614132,21.3,94
1713688849826815839,21.3,94
1713688441462332932,21.3,94
1713688033101952722,21.3,94
1713687624732451847,21.3,94
1713687216355628220,21.3,94
1713686807997340267,21.4,94
1713686399626275267,21.4,94
1713685991263076672,21.4,94
1713685582897333232,21.4,94
1713685174531365605,21.4,94
1713684766171323746,21.4,94
1713684357783571857,21.4,94
1713683949393601458,21.4,94
1713683541027289837,21.4,94
1713683132637373551,21.4,94
1713682724229088325,21.4,94
1713682315809709633,21.4,94
1713681907415366474,21.4,94
1713681499019466613,21.4,94
1713681090604262989,21.4,94
1713680682178916487,21.4,94
1713680273772675810,21.4,94
1713679865346917935,21.4,94
1713679456929759959,21.4,94
1713679048529212873,21.4,94
1713678640104670763,21.4,94
1713678231708708313,21.4,94
1713677823296120519,21.4,94
1713677414900120808,21.4,94
1713677006491435256,21.4,94
1713676598096453464,21.4,94
1713676189674283827,21.4,94
1713675781240790812,21.4,94
1713675372825952008,21.4,94
1713674964423750423,21.5,94
1713674556094933060,21.5,94
1713674147625984033,21.5,94
1713673739229895784,21.5,94
1713673330812720810,21.5,94
1713672922415356084,21.5,94
1713672513991187458,21.5,94
1713672105574038219,21.5,94
1713671697154682592,21.5,94
1713671288759228452,21.5,94
1713670880347421052,21.5,94
1713670471941040097,21.5,94
1713670063536248954,21.5,94
1713669655104284993,21.5,94
1713669246678837553,21.4,94
1713668838253407387,21.4,94
1713668429837705625,21.4,94
1713668021441457544,21.4,94
1713667613019628400,21.4,94
1713667204625641036,21.4,94
1713666796227598301,21.4,94
1713666387817365905,21.4,94
1713665979414118900,21.4,94
1713665570995402191,21.4,94
1713665162597145760,21.4,94
1713664754193681469,21.4,94
1713664345772877959,21.4,94
1713663937358284007,21.4,94
1713663528943204387,21.4,94
1713663120529189425,21.5,94
1713662712140502875,21.5,94
1713662303728482090,21.5,94
1713661895311382194,21.5,94
1713661486897908966,21.5,94
1713661078509145449,21.5,94
1713660670098757127,21.5,94
1713660261713485520,21.5,94
1713659853323407300,21.5,94
1713659444929515863,21.5,94
1713659036518493614,21.5,94
1713658628126788523,21.6,94
1713658219718320482,21.6,94
1713657811325472260,21.6,94
1713657402930400044,21.6,94
1713656994534817565,21.6,94
1713656586124464398,21.7,94
1713656177744881551,21.7,94
1713655769353000571,21.7,94
1713655360970204907,21.7,94
1713654952581421674,21.7,94
1713654544187730576,21.7,94
1713654135819780774,21.7,94
1713653727426467015,21.7,94
1713653319039389150,21.8,94
1713652910654500588,21.8,94
1713652502260132763,21.8,94
1713652093858611677,21.8,94
1713651685448706897,21.8,94
1713651277044951143,21.8,94
1713650868633410150,21.8,94
1713650460214722265,21.8,94
1713650051795541250,21.9,94
1713649643382425153,21.9,94
1713649234987220283,21.9,94
1713648826578536452,21.9,94
1713648418134249421,21.9,94
1713648009708963526,21.9,94
1713647601289558487,22.0,95
1713647192856626506,22.0,95
1713646784406673173,22.0,95
1713646375972711291,22.0,95
1713645967531899120,22.0,95
1713645559127815466,22.0,95
1713645150638708825,22.1,95
1713644742187658867,22.1,95
1713644333746824830,22.1,95
1713643925305655827,22.1,95
1713643516867032596,22.1,95
1713643108448690754,22.1,95
1713642699998792715,22.1,95
1713642291539077849,22.1,95
1713641883089540480,22.1,95
1713641474680725841,22.1,95
1713641066237684789,22.1,95
1713640657803162577,22.1,95
1713640249350654380,22.2,95
1713639840908495786,22.2,95
1713639432452164234,22.2,95
1713639024004578252,22.2,95
1713638615535708910,22.2,95
1713637798615211581,22.2,95
1713637390171611367,22.2,95
1713636981708128783,22.2,95
1713636573253377599,22.2,95
1713636164797644816,22.2,95
1713635756346810165,22.2,95
1713635347925594450,22.2,95
1713634939495089940,22.2,95
1713634122620991999,22.2,95
1713633714170640328,22.2,95
1713633305745662945,22.2,95
1713632897310300244,22.2,95
1713632488875417206,22.1,95
1713632080442564410,22.1,95
1713631672002278682,22.2,95
1713631263552272182,22.1,95
1713630855109538401,22.1,95
1713630446672074727,22.1,95
1713630038216387906,22.1,95
1713629629755425467,22.1,95
1713629221330195335,22.0,95
1713628812909818801,22.0,95
1713628404463523924,22.0,95
1713627996032621510,22.0,95
1713627587603154562,22.0,95
1713627179178197203,22.0,95
1713626770741298887,22.0,95
1713626362296924000,22.0,95
1713625953833079845,21.9,94
1713625545384665368,21.9,94
1713625136965494342,21.9,94
1713624728536605930,21.9,94
1713624320098855366,21.9,94
1713623911673011410,21.8,94
1713623503246766387,21.8,94
1713623094819242513,21.8,94
1713622686392849370,21.8,94
1713622277975383543,21.8,94
1713621869531640336,21.8,94
1713621461117479422,21.8,94
1713621052725646207,21.8,94
1713620644306391965,21.8,94
1713620235903819319,21.7,94
1713619827492304257,21.7,94
1713619419097556648,21.7,94
1713619010707710609,21.7,94
1713618602329297398,21.7,94
1713618193950663610,21.7,94
1713617785562286869,21.7,94
1713617377158189016,21.7,94
1713616968764927096,21.7,94
1713616560373700862,21.7,94
1713616151967945661,21.7,94
1713615743554882959,21.7,94
